,template_id,simulation_id,answer,count
0,descriptive_32,4,True,289
1,descriptive_32,4,False,11
2,counterfactual_8,4,True,265
3,counterfactual_8,4,False,35
4,descriptive_4,4,0,222
5,descriptive_4,4,3,32
6,descriptive_4,4,2,6
7,descriptive_4,4,4,40
8,descriptive_17,4,1,100
9,descriptive_17,4,0,88
10,descriptive_17,4,3,40
11,descriptive_17,4,2,72
12,descriptive_5,4,1,103
13,descriptive_5,4,0,183
14,descriptive_5,4,2,14
15,descriptive_25,4,circle,300
16,descriptive_10,4,0,300
17,descriptive_20,4,2,114
18,descriptive_20,4,0,68
19,descriptive_20,4,1,83
20,descriptive_20,4,3,35
21,descriptive_31,4,True,189
22,descriptive_31,4,False,111
23,cause_3,4,0,300
24,descriptive_12,4,0,221
25,descriptive_12,4,3,42
26,descriptive_12,4,2,21
27,descriptive_12,4,4,16
28,descriptive_36,4,True,263
29,descriptive_36,4,False,37
30,prevent_2,4,True,71
31,prevent_2,4,False,161
32,descriptive_33,4,True,230
33,descriptive_33,4,False,70
34,enable_4,4,0,294
35,enable_4,4,1,6
36,counterfactual_6,4,True,286
37,counterfactual_6,4,False,14
38,cause_2,4,False,300
39,descriptive_7,4,4,157
40,descriptive_7,4,3,123
41,descriptive_7,4,2,20
42,counterfactual_5,4,3,135
43,counterfactual_5,4,2,150
44,counterfactual_5,4,1,15
45,enable_3,4,0,300
46,prevent_5,4,0,230
47,prevent_5,4,1,61
48,prevent_5,4,2,9
49,counterfactual_2,4,True,173
50,counterfactual_2,4,False,127
51,cause_1,4,False,300
52,counterfactual_7,4,False,300
53,descriptive_3,4,0,100
54,descriptive_3,4,1,110
55,descriptive_3,4,2,35
56,descriptive_3,4,3,30
57,descriptive_3,4,4,25
58,descriptive_13,4,1,119
59,descriptive_13,4,0,172
60,descriptive_13,4,2,9
61,prevent_3,4,0,300
62,descriptive_22,4,purple,36
63,descriptive_22,4,yellow,33
64,descriptive_22,4,green,40
65,descriptive_22,4,gray,38
66,descriptive_22,4,red,45
67,descriptive_22,4,brown,47
68,descriptive_22,4,blue,38
69,descriptive_22,4,cyan,23
70,descriptive_23,4,gray,44
71,descriptive_23,4,purple,44
72,descriptive_23,4,yellow,37
73,descriptive_23,4,red,30
74,descriptive_23,4,brown,34
75,descriptive_23,4,green,42
76,descriptive_23,4,blue,35
77,descriptive_23,4,cyan,34
78,prevent_0,4,False,300
79,descriptive_6,4,1,105
80,descriptive_6,4,2,111
81,descriptive_6,4,3,49
82,descriptive_6,4,0,28
83,descriptive_6,4,4,7
84,descriptive_24,4,circle,300
85,counterfactual_3,4,3,209
86,counterfactual_3,4,2,83
87,counterfactual_3,4,1,8
88,counterfactual_1,4,False,300
89,descriptive_37,4,True,231
90,descriptive_37,4,False,69
91,prevent_1,4,False,97
92,prevent_1,4,True,46
93,descriptive_2,4,0,161
94,descriptive_2,4,1,98
95,descriptive_2,4,2,31
96,descriptive_2,4,3,9
97,descriptive_2,4,4,1
98,descriptive_30,4,True,246
99,descriptive_30,4,False,54
100,descriptive_8,4,0,300
101,descriptive_15,4,3,165
102,descriptive_15,4,2,65
103,descriptive_15,4,4,68
104,descriptive_15,4,1,2
105,enable_2,4,False,288
106,enable_2,4,True,12
107,descriptive_16,4,0,97
108,descriptive_16,4,1,93
109,descriptive_16,4,2,73
110,descriptive_16,4,3,37
111,descriptive_27,4,False,145
112,descriptive_27,4,True,155
113,descriptive_26,4,True,279
114,descriptive_26,4,False,21
115,counterfactual_4,4,0,300
116,descriptive_21,4,2,73
117,descriptive_21,4,1,110
118,descriptive_21,4,0,101
119,descriptive_21,4,3,16
120,enable_1,4,False,296
121,enable_1,4,True,4
122,enable_5,4,0,273
123,enable_5,4,1,26
124,enable_5,4,2,1
125,prevent_4,4,0,266
126,prevent_4,4,2,4
127,prevent_4,4,1,30
128,descriptive_1,4,0,255
129,descriptive_1,4,1,43
130,descriptive_1,4,2,2
131,counterfactual_0,4,True,191
132,counterfactual_0,4,False,109
133,cause_4,4,0,300
134,descriptive_14,4,3,30
135,descriptive_14,4,1,106
136,descriptive_14,4,0,38
137,descriptive_14,4,2,123
138,descriptive_14,4,4,3
139,descriptive_9,4,0,300
140,descriptive_11,4,0,300
141,descriptive_0,4,0,250
142,descriptive_0,4,2,7
143,descriptive_0,4,1,28
144,descriptive_0,4,3,11
145,descriptive_0,4,4,4
146,cause_5,4,0,300
147,descriptive_32,2,True,164
148,descriptive_32,2,False,38
149,counterfactual_8,2,True,131
150,counterfactual_8,2,False,169
151,descriptive_4,2,0,243
152,descriptive_4,2,1,30
153,descriptive_4,2,4,1
154,descriptive_4,2,2,9
155,descriptive_4,2,3,17
156,descriptive_17,2,0,136
157,descriptive_17,2,2,25
158,descriptive_17,2,1,35
159,descriptive_17,2,3,6
160,descriptive_5,2,0,245
161,descriptive_5,2,1,55
162,descriptive_29,2,False,26
163,descriptive_29,2,True,221
164,descriptive_25,2,circle,237
165,descriptive_25,2,cube,63
166,descriptive_10,2,3,20
167,descriptive_10,2,1,108
168,descriptive_10,2,0,126
169,descriptive_10,2,2,44
170,descriptive_10,2,4,2
171,descriptive_20,2,0,99
172,descriptive_20,2,1,79
173,descriptive_20,2,2,26
174,descriptive_20,2,3,5
175,descriptive_20,2,4,1
176,descriptive_31,2,False,58
177,descriptive_31,2,True,152
178,descriptive_35,2,False,1
179,descriptive_35,2,True,246
180,cause_3,2,0,238
181,cause_3,2,1,50
182,cause_3,2,2,11
183,cause_3,2,3,1
184,descriptive_12,2,0,222
185,descriptive_12,2,1,51
186,descriptive_12,2,2,12
187,descriptive_12,2,3,14
188,descriptive_12,2,4,1
189,descriptive_36,2,True,165
190,descriptive_36,2,False,45
191,prevent_2,2,False,291
192,prevent_2,2,True,9
193,descriptive_33,2,True,198
194,descriptive_33,2,False,4
195,enable_4,2,0,268
196,enable_4,2,1,31
197,enable_4,2,2,1
198,counterfactual_6,2,False,172
199,counterfactual_6,2,True,128
200,cause_2,2,False,165
201,cause_2,2,True,45
202,descriptive_7,2,0,98
203,descriptive_7,2,2,65
204,descriptive_7,2,1,75
205,descriptive_7,2,3,47
206,descriptive_7,2,4,14
207,descriptive_7,2,5,1
208,counterfactual_5,2,0,98
209,counterfactual_5,2,1,85
210,counterfactual_5,2,2,75
211,counterfactual_5,2,3,38
212,counterfactual_5,2,4,4
213,descriptive_19,2,2,23
214,descriptive_19,2,0,157
215,descriptive_19,2,1,63
216,descriptive_19,2,3,3
217,descriptive_19,2,4,1
218,enable_3,2,0,236
219,enable_3,2,1,62
220,enable_3,2,2,2
221,prevent_5,2,0,260
222,prevent_5,2,1,38
223,prevent_5,2,3,1
224,prevent_5,2,2,1
225,counterfactual_2,2,False,254
226,counterfactual_2,2,True,46
227,cause_1,2,True,46
228,cause_1,2,False,156
229,counterfactual_7,2,True,133
230,counterfactual_7,2,False,167
231,descriptive_3,2,0,23
232,descriptive_3,2,3,99
233,descriptive_3,2,4,66
234,descriptive_3,2,2,47
235,descriptive_3,2,1,45
236,descriptive_3,2,5,16
237,descriptive_3,2,7,1
238,descriptive_3,2,6,3
239,descriptive_13,2,0,244
240,descriptive_13,2,2,1
241,descriptive_13,2,1,55
242,prevent_3,2,0,225
243,prevent_3,2,1,69
244,prevent_3,2,2,6
245,descriptive_22,2,gray,38
246,descriptive_22,2,brown,30
247,descriptive_22,2,red,40
248,descriptive_22,2,purple,35
249,descriptive_22,2,cyan,35
250,descriptive_22,2,green,31
251,descriptive_22,2,yellow,44
252,descriptive_22,2,blue,47
253,descriptive_23,2,gray,33
254,descriptive_23,2,yellow,35
255,descriptive_23,2,green,28
256,descriptive_23,2,blue,37
257,descriptive_23,2,purple,38
258,descriptive_23,2,cyan,37
259,descriptive_23,2,brown,39
260,descriptive_23,2,red,53
261,prevent_0,2,False,281
262,prevent_0,2,True,19
263,descriptive_6,2,0,158
264,descriptive_6,2,1,86
265,descriptive_6,2,2,47
266,descriptive_6,2,3,9
267,descriptive_34,2,True,157
268,descriptive_34,2,False,90
269,descriptive_24,2,circle,225
270,descriptive_24,2,cube,75
271,counterfactual_3,2,0,117
272,counterfactual_3,2,3,39
273,counterfactual_3,2,2,59
274,counterfactual_3,2,1,80
275,counterfactual_3,2,4,5
276,counterfactual_1,2,True,48
277,counterfactual_1,2,False,252
278,cause_0,2,False,215
279,cause_0,2,True,32
280,descriptive_37,2,False,6
281,descriptive_37,2,True,204
282,prevent_1,2,False,293
283,prevent_1,2,True,7
284,enable_0,2,False,206
285,enable_0,2,True,41
286,descriptive_2,2,0,68
287,descriptive_2,2,1,115
288,descriptive_2,2,2,78
289,descriptive_2,2,3,33
290,descriptive_2,2,4,5
291,descriptive_2,2,5,1
292,descriptive_30,2,True,83
293,descriptive_30,2,False,127
294,descriptive_8,2,0,235
295,descriptive_8,2,3,12
296,descriptive_8,2,1,29
297,descriptive_8,2,2,22
298,descriptive_8,2,4,2
299,descriptive_15,2,1,69
300,descriptive_15,2,0,90
301,descriptive_15,2,2,73
302,descriptive_15,2,3,53
303,descriptive_15,2,4,14
304,descriptive_15,2,5,1
305,enable_2,2,False,184
306,enable_2,2,True,26
307,descriptive_16,2,1,50
308,descriptive_16,2,0,132
309,descriptive_16,2,3,3
310,descriptive_16,2,2,16
311,descriptive_16,2,4,1
312,descriptive_27,2,False,52
313,descriptive_27,2,True,150
314,descriptive_26,2,True,97
315,descriptive_26,2,False,105
316,counterfactual_4,2,3,47
317,counterfactual_4,2,2,88
318,counterfactual_4,2,1,80
319,counterfactual_4,2,4,12
320,counterfactual_4,2,0,72
321,counterfactual_4,2,5,1
322,descriptive_21,2,0,128
323,descriptive_21,2,1,54
324,descriptive_21,2,2,22
325,descriptive_21,2,3,6
326,enable_1,2,False,179
327,enable_1,2,True,23
328,enable_5,2,0,252
329,enable_5,2,1,48
330,prevent_4,2,0,264
331,prevent_4,2,1,36
332,descriptive_1,2,0,198
333,descriptive_1,2,1,99
334,descriptive_1,2,2,3
335,counterfactual_0,2,False,254
336,counterfactual_0,2,True,46
337,descriptive_28,2,True,103
338,descriptive_28,2,False,144
339,cause_4,2,0,230
340,cause_4,2,1,55
341,cause_4,2,2,15
342,descriptive_18,2,0,146
343,descriptive_18,2,2,27
344,descriptive_18,2,1,69
345,descriptive_18,2,3,4
346,descriptive_18,2,4,1
347,descriptive_14,2,1,96
348,descriptive_14,2,0,152
349,descriptive_14,2,2,34
350,descriptive_14,2,3,18
351,descriptive_9,2,1,72
352,descriptive_9,2,0,225
353,descriptive_9,2,2,3
354,descriptive_11,2,3,61
355,descriptive_11,2,2,76
356,descriptive_11,2,0,53
357,descriptive_11,2,4,22
358,descriptive_11,2,1,85
359,descriptive_11,2,5,3
360,descriptive_0,2,0,203
361,descriptive_0,2,2,21
362,descriptive_0,2,4,17
363,descriptive_0,2,1,32
364,descriptive_0,2,3,27
365,cause_5,2,0,234
366,cause_5,2,1,56
367,cause_5,2,2,9
368,cause_5,2,3,1
369,descriptive_32,3,False,126
370,descriptive_32,3,True,117
371,counterfactual_8,3,True,197
372,counterfactual_8,3,False,103
373,descriptive_4,3,0,229
374,descriptive_4,3,2,20
375,descriptive_4,3,1,47
376,descriptive_4,3,3,4
377,descriptive_17,3,0,178
378,descriptive_17,3,1,51
379,descriptive_17,3,2,14
380,descriptive_5,3,0,251
381,descriptive_5,3,1,46
382,descriptive_5,3,2,3
383,descriptive_29,3,True,34
384,descriptive_29,3,False,2
385,descriptive_25,3,circle,229
386,descriptive_25,3,triangle,36
387,descriptive_25,3,cube,30
388,descriptive_10,3,1,13
389,descriptive_10,3,0,287
390,descriptive_20,3,1,81
391,descriptive_20,3,0,174
392,descriptive_20,3,2,8
393,descriptive_31,3,False,78
394,descriptive_31,3,True,185
395,descriptive_35,3,True,34
396,descriptive_35,3,False,2
397,cause_3,3,0,299
398,cause_3,3,1,1
399,descriptive_12,3,0,223
400,descriptive_12,3,2,18
401,descriptive_12,3,1,58
402,descriptive_12,3,3,1
403,descriptive_36,3,False,156
404,descriptive_36,3,True,107
405,prevent_2,3,False,225
406,prevent_2,3,True,57
407,descriptive_33,3,True,220
408,descriptive_33,3,False,23
409,enable_4,3,0,289
410,enable_4,3,1,11
411,counterfactual_6,3,False,111
412,counterfactual_6,3,True,189
413,cause_2,3,False,249
414,cause_2,3,True,14
415,descriptive_7,3,1,121
416,descriptive_7,3,2,91
417,descriptive_7,3,0,57
418,descriptive_7,3,3,31
419,counterfactual_5,3,1,166
420,counterfactual_5,3,2,73
421,counterfactual_5,3,0,61
422,descriptive_19,3,0,36
423,enable_3,3,0,293
424,enable_3,3,1,7
425,prevent_5,3,0,231
426,prevent_5,3,1,67
427,prevent_5,3,2,2
428,counterfactual_2,3,True,105
429,counterfactual_2,3,False,195
430,cause_1,3,False,231
431,cause_1,3,True,12
432,counterfactual_7,3,False,285
433,counterfactual_7,3,True,15
434,descriptive_3,3,1,104
435,descriptive_3,3,2,120
436,descriptive_3,3,3,45
437,descriptive_3,3,0,31
438,descriptive_13,3,1,47
439,descriptive_13,3,0,252
440,descriptive_13,3,2,1
441,prevent_3,3,0,298
442,prevent_3,3,1,2
443,descriptive_22,3,blue,26
444,descriptive_22,3,brown,35
445,descriptive_22,3,purple,37
446,descriptive_22,3,green,36
447,descriptive_22,3,gray,59
448,descriptive_22,3,red,31
449,descriptive_22,3,yellow,34
450,descriptive_22,3,cyan,37
451,descriptive_23,3,blue,30
452,descriptive_23,3,brown,42
453,descriptive_23,3,purple,39
454,descriptive_23,3,green,35
455,descriptive_23,3,gray,48
456,descriptive_23,3,red,36
457,descriptive_23,3,yellow,28
458,descriptive_23,3,cyan,37
459,prevent_0,3,False,300
460,descriptive_6,3,1,123
461,descriptive_6,3,0,144
462,descriptive_6,3,2,27
463,descriptive_6,3,3,6
464,descriptive_34,3,False,31
465,descriptive_34,3,True,5
466,descriptive_24,3,circle,224
467,descriptive_24,3,triangle,39
468,descriptive_24,3,cube,32
469,counterfactual_3,3,0,77
470,counterfactual_3,3,1,137
471,counterfactual_3,3,2,86
472,counterfactual_1,3,False,294
473,counterfactual_1,3,True,6
474,cause_0,3,False,34
475,cause_0,3,True,2
476,descriptive_37,3,True,239
477,descriptive_37,3,False,24
478,prevent_1,3,False,219
479,prevent_1,3,True,50
480,enable_0,3,False,18
481,enable_0,3,True,18
482,descriptive_2,3,1,137
483,descriptive_2,3,2,41
484,descriptive_2,3,0,116
485,descriptive_2,3,3,6
486,descriptive_30,3,False,163
487,descriptive_30,3,True,100
488,descriptive_8,3,0,289
489,descriptive_8,3,1,11
490,descriptive_15,3,2,109
491,descriptive_15,3,1,136
492,descriptive_15,3,0,37
493,descriptive_15,3,3,18
494,enable_2,3,False,250
495,enable_2,3,True,13
496,descriptive_16,3,0,169
497,descriptive_16,3,1,62
498,descriptive_16,3,2,12
499,descriptive_27,3,True,164
500,descriptive_27,3,False,79
501,descriptive_26,3,False,144
502,descriptive_26,3,True,99
503,counterfactual_4,3,1,19
504,counterfactual_4,3,0,281
505,descriptive_21,3,1,60
506,descriptive_21,3,0,200
507,descriptive_21,3,2,3
508,enable_1,3,False,234
509,enable_1,3,True,9
510,enable_5,3,0,280
511,enable_5,3,1,20
512,prevent_4,3,0,258
513,prevent_4,3,1,40
514,prevent_4,3,2,2
515,descriptive_1,3,0,231
516,descriptive_1,3,1,68
517,descriptive_1,3,2,1
518,counterfactual_0,3,True,94
519,counterfactual_0,3,False,206
520,descriptive_28,3,False,36
521,cause_4,3,0,282
522,cause_4,3,1,18
523,descriptive_18,3,0,36
524,descriptive_14,3,0,132
525,descriptive_14,3,1,127
526,descriptive_14,3,2,35
527,descriptive_14,3,3,6
528,descriptive_9,3,0,298
529,descriptive_9,3,1,2
530,descriptive_11,3,1,36
531,descriptive_11,3,0,264
532,descriptive_0,3,0,218
533,descriptive_0,3,1,36
534,descriptive_0,3,3,13
535,descriptive_0,3,2,33
536,cause_5,3,0,279
537,cause_5,3,1,21
538,descriptive_32,6,False,165
539,descriptive_32,6,True,49
540,counterfactual_8,6,False,175
541,counterfactual_8,6,True,125
542,descriptive_4,6,0,240
543,descriptive_4,6,1,52
544,descriptive_4,6,2,7
545,descriptive_4,6,3,1
546,descriptive_17,6,0,196
547,descriptive_17,6,1,18
548,descriptive_5,6,0,266
549,descriptive_5,6,1,32
550,descriptive_5,6,2,2
551,descriptive_29,6,True,23
552,descriptive_29,6,False,19
553,descriptive_25,6,circle,198
554,descriptive_25,6,cube,26
555,descriptive_25,6,triangle,24
556,descriptive_10,6,0,285
557,descriptive_10,6,1,15
558,descriptive_20,6,0,193
559,descriptive_20,6,1,27
560,descriptive_20,6,2,3
561,descriptive_31,6,False,133
562,descriptive_31,6,True,90
563,descriptive_35,6,True,33
564,descriptive_35,6,False,9
565,cause_3,6,0,300
566,descriptive_12,6,0,238
567,descriptive_12,6,1,54
568,descriptive_12,6,2,7
569,descriptive_12,6,3,1
570,descriptive_36,6,False,177
571,descriptive_36,6,True,46
572,prevent_2,6,False,264
573,prevent_2,6,True,33
574,descriptive_33,6,False,70
575,descriptive_33,6,True,144
576,enable_4,6,0,275
577,enable_4,6,1,25
578,counterfactual_6,6,False,186
579,counterfactual_6,6,True,114
580,cause_2,6,False,223
581,descriptive_7,6,1,175
582,descriptive_7,6,0,86
583,descriptive_7,6,2,36
584,descriptive_7,6,3,3
585,counterfactual_5,6,1,179
586,counterfactual_5,6,0,102
587,counterfactual_5,6,2,19
588,descriptive_19,6,0,42
589,enable_3,6,0,289
590,enable_3,6,1,11
591,prevent_5,6,0,265
592,prevent_5,6,1,35
593,counterfactual_2,6,False,240
594,counterfactual_2,6,True,60
595,cause_1,6,False,214
596,counterfactual_7,6,False,283
597,counterfactual_7,6,True,17
598,descriptive_3,6,1,124
599,descriptive_3,6,2,87
600,descriptive_3,6,0,64
601,descriptive_3,6,3,25
602,descriptive_13,6,0,266
603,descriptive_13,6,1,34
604,prevent_3,6,0,292
605,prevent_3,6,1,8
606,descriptive_22,6,red,24
607,descriptive_22,6,blue,36
608,descriptive_22,6,green,32
609,descriptive_22,6,cyan,38
610,descriptive_22,6,brown,33
611,descriptive_22,6,yellow,32
612,descriptive_22,6,purple,27
613,descriptive_22,6,gray,26
614,descriptive_23,6,yellow,42
615,descriptive_23,6,blue,32
616,descriptive_23,6,green,23
617,descriptive_23,6,brown,37
618,descriptive_23,6,red,35
619,descriptive_23,6,cyan,32
620,descriptive_23,6,gray,24
621,descriptive_23,6,purple,23
622,prevent_0,6,False,297
623,prevent_0,6,True,3
624,descriptive_6,6,0,179
625,descriptive_6,6,1,113
626,descriptive_6,6,2,8
627,descriptive_34,6,False,38
628,descriptive_34,6,True,4
629,descriptive_24,6,circle,184
630,descriptive_24,6,cube,36
631,descriptive_24,6,triangle,28
632,counterfactual_3,6,1,163
633,counterfactual_3,6,0,128
634,counterfactual_3,6,2,9
635,counterfactual_1,6,False,291
636,counterfactual_1,6,True,9
637,cause_0,6,False,42
638,descriptive_37,6,False,71
639,descriptive_37,6,True,152
640,prevent_1,6,False,268
641,prevent_1,6,True,29
642,enable_0,6,False,25
643,enable_0,6,True,17
644,descriptive_2,6,1,121
645,descriptive_2,6,2,27
646,descriptive_2,6,0,151
647,descriptive_2,6,3,1
648,descriptive_30,6,False,197
649,descriptive_30,6,True,26
650,descriptive_8,6,0,283
651,descriptive_8,6,1,17
652,descriptive_15,6,1,172
653,descriptive_15,6,0,77
654,descriptive_15,6,2,48
655,descriptive_15,6,3,3
656,enable_2,6,False,200
657,enable_2,6,True,23
658,descriptive_16,6,0,195
659,descriptive_16,6,1,18
660,descriptive_16,6,2,1
661,descriptive_27,6,False,136
662,descriptive_27,6,True,78
663,descriptive_26,6,False,183
664,descriptive_26,6,True,31
665,counterfactual_4,6,0,276
666,counterfactual_4,6,1,24
667,descriptive_21,6,0,192
668,descriptive_21,6,1,30
669,descriptive_21,6,2,1
670,enable_1,6,False,187
671,enable_1,6,True,27
672,enable_5,6,0,282
673,enable_5,6,1,18
674,prevent_4,6,0,262
675,prevent_4,6,2,3
676,prevent_4,6,1,35
677,descriptive_1,6,0,250
678,descriptive_1,6,1,49
679,descriptive_1,6,2,1
680,counterfactual_0,6,False,255
681,counterfactual_0,6,True,45
682,descriptive_28,6,False,42
683,cause_4,6,0,300
684,descriptive_18,6,0,42
685,descriptive_14,6,0,168
686,descriptive_14,6,1,123
687,descriptive_14,6,2,9
688,descriptive_9,6,0,293
689,descriptive_9,6,1,7
690,descriptive_11,6,0,258
691,descriptive_11,6,1,42
692,descriptive_0,6,1,51
693,descriptive_0,6,2,22
694,descriptive_0,6,0,223
695,descriptive_0,6,3,4
696,cause_5,6,0,300
697,descriptive_32,10,False,157
698,descriptive_32,10,True,139
699,counterfactual_8,10,True,216
700,counterfactual_8,10,False,84
701,descriptive_4,10,0,208
702,descriptive_4,10,1,79
703,descriptive_4,10,2,12
704,descriptive_4,10,3,1
705,descriptive_17,10,0,202
706,descriptive_17,10,1,87
707,descriptive_17,10,2,7
708,descriptive_5,10,0,245
709,descriptive_5,10,2,6
710,descriptive_5,10,1,49
711,descriptive_29,10,False,208
712,descriptive_29,10,True,10
713,descriptive_25,10,circle,55
714,descriptive_25,10,triangle,49
715,descriptive_25,10,cube,48
716,descriptive_10,10,1,117
717,descriptive_10,10,0,178
718,descriptive_10,10,2,5
719,descriptive_20,10,0,114
720,descriptive_20,10,2,42
721,descriptive_20,10,1,144
722,descriptive_31,10,False,267
723,descriptive_31,10,True,33
724,descriptive_35,10,False,186
725,descriptive_35,10,True,32
726,cause_3,10,0,298
727,cause_3,10,1,2
728,descriptive_12,10,0,170
729,descriptive_12,10,2,19
730,descriptive_12,10,1,110
731,descriptive_12,10,3,1
732,descriptive_36,10,False,173
733,descriptive_36,10,True,127
734,prevent_2,10,False,224
735,descriptive_33,10,False,275
736,descriptive_33,10,True,21
737,enable_4,10,0,300
738,counterfactual_6,10,True,187
739,counterfactual_6,10,False,113
740,cause_2,10,False,298
741,cause_2,10,True,2
742,descriptive_7,10,1,95
743,descriptive_7,10,2,183
744,descriptive_7,10,3,18
745,descriptive_7,10,0,4
746,counterfactual_5,10,0,8
747,counterfactual_5,10,2,131
748,counterfactual_5,10,1,161
749,descriptive_19,10,0,202
750,descriptive_19,10,1,14
751,descriptive_19,10,2,2
752,enable_3,10,0,300
753,prevent_5,10,0,300
754,counterfactual_2,10,False,176
755,counterfactual_2,10,True,124
756,cause_1,10,False,296
757,counterfactual_7,10,False,224
758,counterfactual_7,10,True,76
759,descriptive_3,10,1,60
760,descriptive_3,10,0,230
761,descriptive_3,10,2,9
762,descriptive_3,10,3,1
763,descriptive_13,10,0,228
764,descriptive_13,10,1,68
765,descriptive_13,10,2,4
766,prevent_3,10,0,300
767,descriptive_22,10,blue,12
768,descriptive_22,10,gray,30
769,descriptive_22,10,purple,17
770,descriptive_22,10,red,18
771,descriptive_22,10,brown,17
772,descriptive_22,10,cyan,17
773,descriptive_22,10,green,28
774,descriptive_22,10,yellow,13
775,descriptive_23,10,green,26
776,descriptive_23,10,brown,17
777,descriptive_23,10,gray,28
778,descriptive_23,10,purple,25
779,descriptive_23,10,red,15
780,descriptive_23,10,cyan,21
781,descriptive_23,10,blue,9
782,descriptive_23,10,yellow,11
783,prevent_0,10,False,297
784,descriptive_6,10,0,101
785,descriptive_6,10,1,141
786,descriptive_6,10,2,54
787,descriptive_6,10,3,4
788,descriptive_34,10,False,155
789,descriptive_34,10,True,63
790,descriptive_24,10,triangle,53
791,descriptive_24,10,circle,56
792,descriptive_24,10,cube,43
793,counterfactual_3,10,0,37
794,counterfactual_3,10,1,181
795,counterfactual_3,10,2,82
796,counterfactual_1,10,False,247
797,counterfactual_1,10,True,53
798,cause_0,10,False,214
799,cause_0,10,True,4
800,descriptive_37,10,False,264
801,descriptive_37,10,True,36
802,prevent_1,10,False,282
803,enable_0,10,False,218
804,descriptive_2,10,1,31
805,descriptive_2,10,0,266
806,descriptive_2,10,2,2
807,descriptive_2,10,3,1
808,descriptive_30,10,False,186
809,descriptive_30,10,True,114
810,descriptive_8,10,0,240
811,descriptive_8,10,1,55
812,descriptive_8,10,2,5
813,descriptive_15,10,1,44
814,descriptive_15,10,3,76
815,descriptive_15,10,2,180
816,enable_2,10,False,300
817,descriptive_16,10,0,188
818,descriptive_16,10,2,14
819,descriptive_16,10,1,94
820,descriptive_27,10,False,275
821,descriptive_27,10,True,21
822,descriptive_26,10,False,162
823,descriptive_26,10,True,134
824,counterfactual_4,10,1,141
825,counterfactual_4,10,0,147
826,counterfactual_4,10,2,12
827,descriptive_21,10,0,167
828,descriptive_21,10,2,19
829,descriptive_21,10,1,114
830,enable_1,10,False,296
831,enable_5,10,0,300
832,prevent_4,10,0,300
833,descriptive_1,10,0,290
834,descriptive_1,10,1,10
835,counterfactual_0,10,False,189
836,counterfactual_0,10,True,111
837,descriptive_28,10,False,214
838,descriptive_28,10,True,4
839,cause_4,10,0,299
840,cause_4,10,1,1
841,descriptive_18,10,0,204
842,descriptive_18,10,1,13
843,descriptive_18,10,2,1
844,descriptive_14,10,1,143
845,descriptive_14,10,2,79
846,descriptive_14,10,0,63
847,descriptive_14,10,3,15
848,descriptive_9,10,0,273
849,descriptive_9,10,1,26
850,descriptive_9,10,2,1
851,descriptive_11,10,1,190
852,descriptive_11,10,0,82
853,descriptive_11,10,2,25
854,descriptive_11,10,3,3
855,descriptive_0,10,0,275
856,descriptive_0,10,1,22
857,descriptive_0,10,2,2
858,descriptive_0,10,3,1
859,cause_5,10,0,298
860,cause_5,10,1,2
861,descriptive_32,5,False,102
862,descriptive_32,5,True,33
863,counterfactual_8,5,False,189
864,counterfactual_8,5,True,111
865,descriptive_4,5,0,262
866,descriptive_4,5,1,35
867,descriptive_4,5,2,3
868,descriptive_17,5,0,118
869,descriptive_17,5,1,17
870,descriptive_5,5,0,280
871,descriptive_5,5,1,20
872,descriptive_29,5,False,82
873,descriptive_29,5,True,39
874,descriptive_25,5,circle,110
875,descriptive_25,5,cube,31
876,descriptive_25,5,triangle,32
877,descriptive_10,5,0,235
878,descriptive_10,5,1,57
879,descriptive_10,5,2,8
880,descriptive_20,5,0,155
881,descriptive_20,5,1,57
882,descriptive_31,5,False,155
883,descriptive_31,5,True,57
884,descriptive_35,5,False,71
885,descriptive_35,5,True,50
886,cause_3,5,0,295
887,cause_3,5,1,5
888,descriptive_12,5,2,5
889,descriptive_12,5,0,237
890,descriptive_12,5,1,58
891,descriptive_36,5,False,163
892,descriptive_36,5,True,49
893,prevent_2,5,False,290
894,prevent_2,5,True,9
895,descriptive_33,5,False,96
896,descriptive_33,5,True,39
897,enable_4,5,0,298
898,enable_4,5,1,2
899,counterfactual_6,5,False,247
900,counterfactual_6,5,True,53
901,cause_2,5,False,207
902,cause_2,5,True,5
903,descriptive_7,5,1,91
904,descriptive_7,5,0,165
905,descriptive_7,5,2,43
906,descriptive_7,5,3,1
907,counterfactual_5,5,1,137
908,counterfactual_5,5,0,122
909,counterfactual_5,5,2,41
910,descriptive_19,5,0,109
911,descriptive_19,5,1,12
912,enable_3,5,0,300
913,prevent_5,5,0,293
914,prevent_5,5,1,7
915,counterfactual_2,5,True,75
916,counterfactual_2,5,False,225
917,cause_1,5,False,131
918,cause_1,5,True,4
919,counterfactual_7,5,False,236
920,counterfactual_7,5,True,64
921,descriptive_3,5,1,93
922,descriptive_3,5,0,160
923,descriptive_3,5,2,42
924,descriptive_3,5,3,5
925,descriptive_13,5,0,253
926,descriptive_13,5,1,45
927,descriptive_13,5,2,2
928,prevent_3,5,0,291
929,prevent_3,5,1,9
930,descriptive_22,5,purple,17
931,descriptive_22,5,brown,18
932,descriptive_22,5,green,27
933,descriptive_22,5,blue,21
934,descriptive_22,5,red,27
935,descriptive_22,5,cyan,21
936,descriptive_22,5,gray,22
937,descriptive_22,5,yellow,20
938,descriptive_23,5,yellow,21
939,descriptive_23,5,brown,28
940,descriptive_23,5,blue,21
941,descriptive_23,5,purple,25
942,descriptive_23,5,red,18
943,descriptive_23,5,green,23
944,descriptive_23,5,gray,19
945,descriptive_23,5,cyan,18
946,prevent_0,5,False,291
947,prevent_0,5,True,9
948,descriptive_6,5,0,225
949,descriptive_6,5,1,67
950,descriptive_6,5,2,8
951,descriptive_34,5,False,107
952,descriptive_34,5,True,14
953,descriptive_24,5,triangle,26
954,descriptive_24,5,circle,118
955,descriptive_24,5,cube,29
956,counterfactual_3,5,0,195
957,counterfactual_3,5,1,85
958,counterfactual_3,5,2,20
959,counterfactual_1,5,False,272
960,counterfactual_1,5,True,28
961,cause_0,5,False,116
962,cause_0,5,True,5
963,descriptive_37,5,False,131
964,descriptive_37,5,True,81
965,prevent_1,5,False,296
966,prevent_1,5,True,3
967,enable_0,5,False,121
968,descriptive_2,5,0,207
969,descriptive_2,5,1,79
970,descriptive_2,5,2,14
971,descriptive_30,5,False,165
972,descriptive_30,5,True,47
973,descriptive_8,5,0,265
974,descriptive_8,5,1,33
975,descriptive_8,5,2,2
976,descriptive_15,5,2,88
977,descriptive_15,5,0,88
978,descriptive_15,5,1,123
979,descriptive_15,5,3,1
980,enable_2,5,False,211
981,enable_2,5,True,1
982,descriptive_16,5,0,106
983,descriptive_16,5,1,27
984,descriptive_16,5,2,2
985,descriptive_27,5,False,110
986,descriptive_27,5,True,25
987,descriptive_26,5,False,102
988,descriptive_26,5,True,33
989,counterfactual_4,5,1,91
990,counterfactual_4,5,0,198
991,counterfactual_4,5,2,11
992,descriptive_21,5,0,163
993,descriptive_21,5,1,49
994,enable_1,5,False,134
995,enable_1,5,True,1
996,enable_5,5,0,299
997,enable_5,5,1,1
998,prevent_4,5,0,298
999,prevent_4,5,1,2
1000,descriptive_1,5,1,29
1001,descriptive_1,5,0,270
1002,descriptive_1,5,2,1
1003,counterfactual_0,5,False,261
1004,counterfactual_0,5,True,39
1005,descriptive_28,5,False,113
1006,descriptive_28,5,True,8
1007,cause_4,5,0,298
1008,cause_4,5,1,2
1009,descriptive_18,5,0,105
1010,descriptive_18,5,1,16
1011,descriptive_14,5,0,167
1012,descriptive_14,5,1,105
1013,descriptive_14,5,2,28
1014,descriptive_9,5,0,281
1015,descriptive_9,5,1,19
1016,descriptive_11,5,1,93
1017,descriptive_11,5,0,179
1018,descriptive_11,5,2,28
1019,descriptive_0,5,0,250
1020,descriptive_0,5,1,40
1021,descriptive_0,5,2,10
1022,cause_5,5,0,295
1023,cause_5,5,1,5
1024,descriptive_32,7,True,159
1025,descriptive_32,7,False,85
1026,counterfactual_8,7,True,179
1027,counterfactual_8,7,False,121
1028,descriptive_4,7,1,71
1029,descriptive_4,7,0,217
1030,descriptive_4,7,2,11
1031,descriptive_4,7,3,1
1032,descriptive_17,7,0,174
1033,descriptive_17,7,1,54
1034,descriptive_17,7,2,16
1035,descriptive_5,7,0,256
1036,descriptive_5,7,1,43
1037,descriptive_5,7,2,1
1038,descriptive_29,7,True,174
1039,descriptive_29,7,False,4
1040,descriptive_25,7,circle,128
1041,descriptive_25,7,triangle,79
1042,descriptive_25,7,cube,91
1043,descriptive_10,7,1,97
1044,descriptive_10,7,0,196
1045,descriptive_10,7,2,7
1046,descriptive_20,7,1,95
1047,descriptive_20,7,0,151
1048,descriptive_20,7,2,29
1049,descriptive_31,7,True,263
1050,descriptive_31,7,False,12
1051,descriptive_35,7,True,178
1052,cause_3,7,0,267
1053,cause_3,7,1,31
1054,cause_3,7,2,2
1055,descriptive_12,7,0,186
1056,descriptive_12,7,2,30
1057,descriptive_12,7,1,84
1058,descriptive_36,7,False,118
1059,descriptive_36,7,True,157
1060,prevent_2,7,False,300
1061,descriptive_33,7,True,243
1062,descriptive_33,7,False,1
1063,enable_4,7,0,300
1064,counterfactual_6,7,True,145
1065,counterfactual_6,7,False,155
1066,cause_2,7,False,220
1067,cause_2,7,True,55
1068,descriptive_7,7,2,91
1069,descriptive_7,7,1,116
1070,descriptive_7,7,0,56
1071,descriptive_7,7,3,37
1072,counterfactual_5,7,2,93
1073,counterfactual_5,7,0,59
1074,counterfactual_5,7,1,148
1075,descriptive_19,7,0,156
1076,descriptive_19,7,1,21
1077,descriptive_19,7,2,1
1078,enable_3,7,0,262
1079,enable_3,7,1,38
1080,prevent_5,7,0,300
1081,counterfactual_2,7,False,225
1082,counterfactual_2,7,True,75
1083,cause_1,7,False,193
1084,cause_1,7,True,51
1085,counterfactual_7,7,False,194
1086,counterfactual_7,7,True,106
1087,descriptive_3,7,0,90
1088,descriptive_3,7,1,119
1089,descriptive_3,7,2,70
1090,descriptive_3,7,3,20
1091,descriptive_3,7,4,1
1092,descriptive_13,7,1,56
1093,descriptive_13,7,0,241
1094,descriptive_13,7,2,3
1095,prevent_3,7,0,290
1096,prevent_3,7,1,10
1097,descriptive_22,7,cyan,37
1098,descriptive_22,7,red,38
1099,descriptive_22,7,blue,34
1100,descriptive_22,7,yellow,38
1101,descriptive_22,7,green,38
1102,descriptive_22,7,purple,37
1103,descriptive_22,7,brown,32
1104,descriptive_22,7,gray,44
1105,descriptive_23,7,cyan,32
1106,descriptive_23,7,blue,39
1107,descriptive_23,7,yellow,35
1108,descriptive_23,7,gray,41
1109,descriptive_23,7,brown,46
1110,descriptive_23,7,purple,35
1111,descriptive_23,7,green,36
1112,descriptive_23,7,red,34
1113,prevent_0,7,False,298
1114,prevent_0,7,True,1
1115,descriptive_6,7,1,120
1116,descriptive_6,7,0,134
1117,descriptive_6,7,2,41
1118,descriptive_6,7,3,5
1119,descriptive_34,7,False,136
1120,descriptive_34,7,True,42
1121,descriptive_24,7,circle,155
1122,descriptive_24,7,cube,76
1123,descriptive_24,7,triangle,67
1124,counterfactual_3,7,1,156
1125,counterfactual_3,7,0,79
1126,counterfactual_3,7,2,65
1127,counterfactual_1,7,True,38
1128,counterfactual_1,7,False,262
1129,cause_0,7,False,153
1130,cause_0,7,True,25
1131,descriptive_37,7,True,273
1132,descriptive_37,7,False,2
1133,prevent_1,7,False,300
1134,enable_0,7,False,126
1135,enable_0,7,True,52
1136,descriptive_2,7,0,167
1137,descriptive_2,7,1,112
1138,descriptive_2,7,2,19
1139,descriptive_2,7,3,2
1140,descriptive_30,7,False,169
1141,descriptive_30,7,True,106
1142,descriptive_8,7,0,254
1143,descriptive_8,7,2,5
1144,descriptive_8,7,1,38
1145,descriptive_8,7,3,3
1146,descriptive_15,7,2,112
1147,descriptive_15,7,1,107
1148,descriptive_15,7,0,25
1149,descriptive_15,7,3,56
1150,enable_2,7,False,275
1151,descriptive_16,7,0,125
1152,descriptive_16,7,1,89
1153,descriptive_16,7,2,29
1154,descriptive_16,7,3,1
1155,descriptive_27,7,True,235
1156,descriptive_27,7,False,9
1157,descriptive_26,7,True,111
1158,descriptive_26,7,False,133
1159,counterfactual_4,7,0,174
1160,counterfactual_4,7,2,17
1161,counterfactual_4,7,1,108
1162,counterfactual_4,7,3,1
1163,descriptive_21,7,0,182
1164,descriptive_21,7,1,76
1165,descriptive_21,7,2,17
1166,enable_1,7,False,244
1167,enable_5,7,0,300
1168,prevent_4,7,0,300
1169,descriptive_1,7,0,263
1170,descriptive_1,7,1,33
1171,descriptive_1,7,2,4
1172,counterfactual_0,7,True,70
1173,counterfactual_0,7,False,230
1174,descriptive_28,7,False,167
1175,descriptive_28,7,True,11
1176,cause_4,7,0,226
1177,cause_4,7,1,55
1178,cause_4,7,2,17
1179,cause_4,7,3,2
1180,descriptive_18,7,0,156
1181,descriptive_18,7,1,20
1182,descriptive_18,7,2,2
1183,descriptive_14,7,1,132
1184,descriptive_14,7,0,124
1185,descriptive_14,7,2,38
1186,descriptive_14,7,3,6
1187,descriptive_9,7,1,31
1188,descriptive_9,7,0,268
1189,descriptive_9,7,2,1
1190,descriptive_11,7,1,137
1191,descriptive_11,7,2,36
1192,descriptive_11,7,0,122
1193,descriptive_11,7,3,5
1194,descriptive_0,7,0,228
1195,descriptive_0,7,1,50
1196,descriptive_0,7,2,19
1197,descriptive_0,7,3,3
1198,cause_5,7,1,54
1199,cause_5,7,0,234
1200,cause_5,7,2,10
1201,cause_5,7,3,2
1202,descriptive_32,8,True,73
1203,descriptive_32,8,False,37
1204,counterfactual_8,8,False,250
1205,counterfactual_8,8,True,50
1206,descriptive_4,8,0,268
1207,descriptive_4,8,1,32
1208,descriptive_17,8,0,105
1209,descriptive_17,8,1,5
1210,descriptive_5,8,0,285
1211,descriptive_5,8,1,15
1212,descriptive_29,8,True,2
1213,descriptive_25,8,circle,157
1214,descriptive_25,8,cube,73
1215,descriptive_25,8,triangle,69
1216,descriptive_10,8,0,299
1217,descriptive_10,8,1,1
1218,descriptive_20,8,0,118
1219,descriptive_20,8,1,9
1220,descriptive_31,8,True,98
1221,descriptive_31,8,False,29
1222,descriptive_35,8,True,2
1223,cause_3,8,1,1
1224,cause_3,8,0,299
1225,descriptive_12,8,0,265
1226,descriptive_12,8,1,34
1227,descriptive_12,8,2,1
1228,descriptive_36,8,True,83
1229,descriptive_36,8,False,44
1230,prevent_2,8,False,299
1231,prevent_2,8,True,1
1232,descriptive_33,8,True,105
1233,descriptive_33,8,False,5
1234,enable_4,8,0,293
1235,enable_4,8,1,7
1236,counterfactual_6,8,False,254
1237,counterfactual_6,8,True,46
1238,cause_2,8,False,100
1239,cause_2,8,True,27
1240,descriptive_7,8,0,190
1241,descriptive_7,8,1,101
1242,descriptive_7,8,2,9
1243,counterfactual_5,8,0,219
1244,counterfactual_5,8,1,75
1245,counterfactual_5,8,2,6
1246,descriptive_19,8,0,2
1247,enable_3,8,0,300
1248,prevent_5,8,0,295
1249,prevent_5,8,1,5
1250,counterfactual_2,8,False,277
1251,counterfactual_2,8,True,23
1252,cause_1,8,False,83
1253,cause_1,8,True,27
1254,counterfactual_7,8,True,2
1255,counterfactual_7,8,False,298
1256,descriptive_3,8,1,86
1257,descriptive_3,8,2,33
1258,descriptive_3,8,0,168
1259,descriptive_3,8,3,10
1260,descriptive_3,8,4,3
1261,descriptive_13,8,0,280
1262,descriptive_13,8,1,20
1263,prevent_3,8,0,299
1264,prevent_3,8,1,1
1265,descriptive_22,8,purple,46
1266,descriptive_22,8,brown,44
1267,descriptive_22,8,red,32
1268,descriptive_22,8,blue,33
1269,descriptive_22,8,green,38
1270,descriptive_22,8,cyan,25
1271,descriptive_22,8,yellow,47
1272,descriptive_22,8,gray,34
1273,descriptive_23,8,blue,36
1274,descriptive_23,8,red,27
1275,descriptive_23,8,purple,40
1276,descriptive_23,8,cyan,33
1277,descriptive_23,8,yellow,45
1278,descriptive_23,8,green,41
1279,descriptive_23,8,brown,44
1280,descriptive_23,8,gray,33
1281,prevent_0,8,False,299
1282,prevent_0,8,True,1
1283,descriptive_6,8,0,241
1284,descriptive_6,8,1,59
1285,descriptive_34,8,False,1
1286,descriptive_34,8,True,1
1287,descriptive_24,8,circle,165
1288,descriptive_24,8,triangle,72
1289,descriptive_24,8,cube,62
1290,counterfactual_3,8,0,216
1291,counterfactual_3,8,1,83
1292,counterfactual_3,8,2,1
1293,counterfactual_1,8,True,1
1294,counterfactual_1,8,False,299
1295,cause_0,8,False,1
1296,cause_0,8,True,1
1297,descriptive_37,8,True,120
1298,descriptive_37,8,False,7
1299,prevent_1,8,False,299
1300,prevent_1,8,True,1
1301,enable_0,8,False,2
1302,descriptive_2,8,0,230
1303,descriptive_2,8,2,14
1304,descriptive_2,8,1,54
1305,descriptive_2,8,3,2
1306,descriptive_30,8,False,115
1307,descriptive_30,8,True,12
1308,descriptive_8,8,1,2
1309,descriptive_8,8,0,298
1310,descriptive_15,8,1,117
1311,descriptive_15,8,0,173
1312,descriptive_15,8,2,10
1313,enable_2,8,False,123
1314,enable_2,8,True,4
1315,descriptive_16,8,0,101
1316,descriptive_16,8,1,9
1317,descriptive_27,8,True,86
1318,descriptive_27,8,False,24
1319,descriptive_26,8,False,103
1320,descriptive_26,8,True,7
1321,counterfactual_4,8,1,2
1322,counterfactual_4,8,0,298
1323,descriptive_21,8,0,120
1324,descriptive_21,8,1,7
1325,enable_1,8,False,101
1326,enable_1,8,True,9
1327,enable_5,8,0,293
1328,enable_5,8,1,7
1329,prevent_4,8,0,297
1330,prevent_4,8,1,3
1331,descriptive_1,8,1,21
1332,descriptive_1,8,0,276
1333,descriptive_1,8,2,3
1334,counterfactual_0,8,False,280
1335,counterfactual_0,8,True,20
1336,descriptive_28,8,False,2
1337,cause_4,8,0,275
1338,cause_4,8,1,25
1339,descriptive_18,8,0,2
1340,descriptive_14,8,1,70
1341,descriptive_14,8,0,228
1342,descriptive_14,8,2,2
1343,descriptive_9,8,0,300
1344,descriptive_11,8,1,2
1345,descriptive_11,8,0,298
1346,descriptive_0,8,0,258
1347,descriptive_0,8,1,36
1348,descriptive_0,8,2,5
1349,descriptive_0,8,3,1
1350,cause_5,8,0,279
1351,cause_5,8,1,21
1352,descriptive_32,9,True,56
1353,descriptive_32,9,False,93
1354,counterfactual_8,9,True,134
1355,counterfactual_8,9,False,166
1356,descriptive_4,9,0,258
1357,descriptive_4,9,1,35
1358,descriptive_4,9,2,6
1359,descriptive_4,9,3,1
1360,descriptive_17,9,0,98
1361,descriptive_17,9,1,42
1362,descriptive_17,9,2,9
1363,descriptive_5,9,0,269
1364,descriptive_5,9,1,29
1365,descriptive_5,9,3,1
1366,descriptive_5,9,2,1
1367,descriptive_29,9,True,77
1368,descriptive_25,9,triangle,33
1369,descriptive_25,9,circle,204
1370,descriptive_25,9,cube,32
1371,descriptive_10,9,0,258
1372,descriptive_10,9,1,38
1373,descriptive_10,9,2,4
1374,descriptive_20,9,1,61
1375,descriptive_20,9,0,88
1376,descriptive_20,9,3,4
1377,descriptive_20,9,2,21
1378,descriptive_31,9,True,173
1379,descriptive_31,9,False,1
1380,descriptive_35,9,True,77
1381,cause_3,9,0,278
1382,cause_3,9,1,22
1383,descriptive_12,9,1,42
1384,descriptive_12,9,0,242
1385,descriptive_12,9,2,13
1386,descriptive_12,9,3,2
1387,descriptive_12,9,4,1
1388,descriptive_36,9,True,71
1389,descriptive_36,9,False,103
1390,prevent_2,9,False,275
1391,prevent_2,9,True,17
1392,descriptive_33,9,True,149
1393,enable_4,9,0,276
1394,enable_4,9,1,23
1395,enable_4,9,2,1
1396,counterfactual_6,9,True,106
1397,counterfactual_6,9,False,194
1398,cause_2,9,False,138
1399,cause_2,9,True,36
1400,descriptive_7,9,2,65
1401,descriptive_7,9,0,151
1402,descriptive_7,9,3,18
1403,descriptive_7,9,1,65
1404,descriptive_7,9,4,1
1405,counterfactual_5,9,1,79
1406,counterfactual_5,9,2,63
1407,counterfactual_5,9,0,155
1408,counterfactual_5,9,3,3
1409,descriptive_19,9,0,57
1410,descriptive_19,9,1,20
1411,enable_3,9,0,297
1412,enable_3,9,1,3
1413,prevent_5,9,0,267
1414,prevent_5,9,1,33
1415,counterfactual_2,9,True,59
1416,counterfactual_2,9,False,241
1417,cause_1,9,True,35
1418,cause_1,9,False,114
1419,counterfactual_7,9,True,96
1420,counterfactual_7,9,False,204
1421,descriptive_3,9,4,26
1422,descriptive_3,9,3,63
1423,descriptive_3,9,0,54
1424,descriptive_3,9,1,34
1425,descriptive_3,9,2,123
1426,descriptive_13,9,0,274
1427,descriptive_13,9,1,26
1428,prevent_3,9,0,240
1429,prevent_3,9,1,58
1430,prevent_3,9,2,2
1431,descriptive_22,9,cyan,35
1432,descriptive_22,9,purple,39
1433,descriptive_22,9,yellow,35
1434,descriptive_22,9,gray,37
1435,descriptive_22,9,red,43
1436,descriptive_22,9,brown,30
1437,descriptive_22,9,blue,33
1438,descriptive_22,9,green,17
1439,descriptive_23,9,red,41
1440,descriptive_23,9,purple,41
1441,descriptive_23,9,cyan,28
1442,descriptive_23,9,brown,29
1443,descriptive_23,9,blue,34
1444,descriptive_23,9,yellow,34
1445,descriptive_23,9,green,22
1446,descriptive_23,9,gray,40
1447,prevent_0,9,False,270
1448,prevent_0,9,True,29
1449,descriptive_6,9,0,217
1450,descriptive_6,9,2,24
1451,descriptive_6,9,1,57
1452,descriptive_6,9,3,2
1453,descriptive_34,9,True,32
1454,descriptive_34,9,False,45
1455,descriptive_24,9,circle,216
1456,descriptive_24,9,cube,33
1457,descriptive_24,9,triangle,20
1458,counterfactual_3,9,3,3
1459,counterfactual_3,9,1,64
1460,counterfactual_3,9,2,55
1461,counterfactual_3,9,0,178
1462,counterfactual_1,9,True,28
1463,counterfactual_1,9,False,272
1464,cause_0,9,False,56
1465,cause_0,9,True,21
1466,descriptive_37,9,True,174
1467,prevent_1,9,False,285
1468,prevent_1,9,True,14
1469,enable_0,9,False,71
1470,enable_0,9,True,6
1471,descriptive_2,9,0,133
1472,descriptive_2,9,1,82
1473,descriptive_2,9,3,12
1474,descriptive_2,9,2,72
1475,descriptive_2,9,4,1
1476,descriptive_30,9,True,60
1477,descriptive_30,9,False,114
1478,descriptive_8,9,0,278
1479,descriptive_8,9,1,22
1480,descriptive_15,9,2,69
1481,descriptive_15,9,1,69
1482,descriptive_15,9,4,8
1483,descriptive_15,9,0,126
1484,descriptive_15,9,3,28
1485,enable_2,9,False,153
1486,enable_2,9,True,21
1487,descriptive_16,9,0,101
1488,descriptive_16,9,1,38
1489,descriptive_16,9,2,9
1490,descriptive_16,9,3,1
1491,descriptive_27,9,True,149
1492,descriptive_26,9,False,106
1493,descriptive_26,9,True,43
1494,counterfactual_4,9,1,67
1495,counterfactual_4,9,0,206
1496,counterfactual_4,9,3,5
1497,counterfactual_4,9,2,22
1498,descriptive_21,9,1,46
1499,descriptive_21,9,0,112
1500,descriptive_21,9,2,14
1501,descriptive_21,9,3,2
1502,enable_1,9,False,122
1503,enable_1,9,True,27
1504,enable_5,9,0,263
1505,enable_5,9,1,35
1506,enable_5,9,2,2
1507,prevent_4,9,1,20
1508,prevent_4,9,0,280
1509,descriptive_1,9,1,65
1510,descriptive_1,9,0,227
1511,descriptive_1,9,2,7
1512,descriptive_1,9,3,1
1513,counterfactual_0,9,False,256
1514,counterfactual_0,9,True,44
1515,descriptive_28,9,True,10
1516,descriptive_28,9,False,67
1517,cause_4,9,1,30
1518,cause_4,9,0,269
1519,cause_4,9,2,1
1520,descriptive_18,9,0,62
1521,descriptive_18,9,1,15
1522,descriptive_14,9,0,189
1523,descriptive_14,9,1,70
1524,descriptive_14,9,2,35
1525,descriptive_14,9,3,5
1526,descriptive_14,9,4,1
1527,descriptive_9,9,0,290
1528,descriptive_9,9,1,10
1529,descriptive_11,9,0,223
1530,descriptive_11,9,1,46
1531,descriptive_11,9,2,30
1532,descriptive_11,9,4,1
1533,descriptive_0,9,0,217
1534,descriptive_0,9,2,42
1535,descriptive_0,9,1,31
1536,descriptive_0,9,3,10
1537,cause_5,9,1,58
1538,cause_5,9,0,241
1539,cause_5,9,2,1
1540,descriptive_32,1,True,210
1541,descriptive_32,1,False,60
1542,counterfactual_8,1,True,189
1543,counterfactual_8,1,False,111
1544,descriptive_4,1,0,197
1545,descriptive_4,1,1,80
1546,descriptive_4,1,2,21
1547,descriptive_4,1,4,1
1548,descriptive_4,1,3,1
1549,descriptive_17,1,0,170
1550,descriptive_17,1,1,77
1551,descriptive_17,1,2,21
1552,descriptive_17,1,3,2
1553,descriptive_5,1,0,241
1554,descriptive_5,1,1,57
1555,descriptive_5,1,2,2
1556,descriptive_29,1,True,205
1557,descriptive_29,1,False,21
1558,descriptive_25,1,circle,97
1559,descriptive_25,1,cube,109
1560,descriptive_25,1,triangle,94
1561,descriptive_10,1,0,167
1562,descriptive_10,1,1,107
1563,descriptive_10,1,2,25
1564,descriptive_10,1,3,1
1565,descriptive_20,1,1,101
1566,descriptive_20,1,0,141
1567,descriptive_20,1,2,34
1568,descriptive_20,1,3,6
1569,descriptive_31,1,True,277
1570,descriptive_31,1,False,5
1571,descriptive_35,1,True,226
1572,cause_3,1,0,289
1573,cause_3,1,2,2
1574,cause_3,1,1,9
1575,descriptive_12,1,1,90
1576,descriptive_12,1,0,186
1577,descriptive_12,1,2,20
1578,descriptive_12,1,3,4
1579,descriptive_36,1,True,212
1580,descriptive_36,1,False,70
1581,prevent_2,1,False,267
1582,prevent_2,1,True,32
1583,descriptive_33,1,True,268
1584,descriptive_33,1,False,2
1585,enable_4,1,0,281
1586,enable_4,1,1,19
1587,counterfactual_6,1,True,183
1588,counterfactual_6,1,False,117
1589,cause_2,1,False,243
1590,cause_2,1,True,39
1591,descriptive_7,1,2,104
1592,descriptive_7,1,3,53
1593,descriptive_7,1,1,105
1594,descriptive_7,1,0,30
1595,descriptive_7,1,5,1
1596,descriptive_7,1,4,7
1597,counterfactual_5,1,1,119
1598,counterfactual_5,1,3,31
1599,counterfactual_5,1,0,40
1600,counterfactual_5,1,2,109
1601,counterfactual_5,1,4,1
1602,descriptive_19,1,0,181
1603,descriptive_19,1,1,37
1604,descriptive_19,1,3,1
1605,descriptive_19,1,2,7
1606,enable_3,1,0,243
1607,enable_3,1,1,54
1608,enable_3,1,2,3
1609,prevent_5,1,0,227
1610,prevent_5,1,1,73
1611,counterfactual_2,1,True,94
1612,counterfactual_2,1,False,206
1613,cause_1,1,False,233
1614,cause_1,1,True,37
1615,counterfactual_7,1,False,168
1616,counterfactual_7,1,True,132
1617,descriptive_3,1,1,100
1618,descriptive_3,1,0,100
1619,descriptive_3,1,2,75
1620,descriptive_3,1,3,20
1621,descriptive_3,1,5,1
1622,descriptive_3,1,4,4
1623,descriptive_13,1,1,53
1624,descriptive_13,1,0,247
1625,prevent_3,1,0,257
1626,prevent_3,1,1,40
1627,prevent_3,1,2,3
1628,descriptive_22,1,gray,44
1629,descriptive_22,1,yellow,37
1630,descriptive_22,1,red,44
1631,descriptive_22,1,brown,39
1632,descriptive_22,1,cyan,35
1633,descriptive_22,1,blue,27
1634,descriptive_22,1,purple,46
1635,descriptive_22,1,green,28
1636,descriptive_23,1,brown,41
1637,descriptive_23,1,gray,46
1638,descriptive_23,1,yellow,33
1639,descriptive_23,1,cyan,34
1640,descriptive_23,1,red,35
1641,descriptive_23,1,blue,31
1642,descriptive_23,1,green,41
1643,descriptive_23,1,purple,39
1644,prevent_0,1,False,286
1645,prevent_0,1,True,14
1646,descriptive_6,1,1,132
1647,descriptive_6,1,0,112
1648,descriptive_6,1,2,51
1649,descriptive_6,1,3,5
1650,descriptive_34,1,True,133
1651,descriptive_34,1,False,93
1652,descriptive_24,1,circle,97
1653,descriptive_24,1,cube,116
1654,descriptive_24,1,triangle,87
1655,counterfactual_3,1,1,131
1656,counterfactual_3,1,2,80
1657,counterfactual_3,1,0,59
1658,counterfactual_3,1,3,29
1659,counterfactual_3,1,4,1
1660,counterfactual_1,1,True,46
1661,counterfactual_1,1,False,254
1662,cause_0,1,False,219
1663,cause_0,1,True,7
1664,descriptive_37,1,True,277
1665,descriptive_37,1,False,5
1666,prevent_1,1,False,281
1667,prevent_1,1,True,18
1668,enable_0,1,False,180
1669,enable_0,1,True,46
1670,descriptive_2,1,0,163
1671,descriptive_2,1,1,108
1672,descriptive_2,1,2,25
1673,descriptive_2,1,3,4
1674,descriptive_30,1,True,127
1675,descriptive_30,1,False,155
1676,descriptive_8,1,0,240
1677,descriptive_8,1,2,7
1678,descriptive_8,1,1,53
1679,descriptive_15,1,2,123
1680,descriptive_15,1,3,63
1681,descriptive_15,1,1,88
1682,descriptive_15,1,0,18
1683,descriptive_15,1,5,1
1684,descriptive_15,1,4,7
1685,enable_2,1,False,272
1686,enable_2,1,True,10
1687,descriptive_16,1,2,31
1688,descriptive_16,1,0,156
1689,descriptive_16,1,1,81
1690,descriptive_16,1,3,2
1691,descriptive_27,1,True,265
1692,descriptive_27,1,False,5
1693,descriptive_26,1,True,134
1694,descriptive_26,1,False,136
1695,counterfactual_4,1,0,103
1696,counterfactual_4,1,1,142
1697,counterfactual_4,1,2,48
1698,counterfactual_4,1,3,5
1699,counterfactual_4,1,4,2
1700,descriptive_21,1,1,93
1701,descriptive_21,1,0,174
1702,descriptive_21,1,2,15
1703,enable_1,1,False,258
1704,enable_1,1,True,12
1705,enable_5,1,0,277
1706,enable_5,1,1,23
1707,prevent_4,1,0,222
1708,prevent_4,1,2,1
1709,prevent_4,1,1,77
1710,descriptive_1,1,0,266
1711,descriptive_1,1,1,34
1712,counterfactual_0,1,False,232
1713,counterfactual_0,1,True,68
1714,descriptive_28,1,False,195
1715,descriptive_28,1,True,31
1716,cause_4,1,0,244
1717,cause_4,1,1,56
1718,descriptive_18,1,0,173
1719,descriptive_18,1,1,45
1720,descriptive_18,1,2,7
1721,descriptive_18,1,3,1
1722,descriptive_14,1,1,148
1723,descriptive_14,1,2,56
1724,descriptive_14,1,0,86
1725,descriptive_14,1,3,10
1726,descriptive_9,1,0,261
1727,descriptive_9,1,1,37
1728,descriptive_9,1,2,2
1729,descriptive_11,1,1,136
1730,descriptive_11,1,0,74
1731,descriptive_11,1,2,71
1732,descriptive_11,1,4,3
1733,descriptive_11,1,3,16
1734,descriptive_0,1,0,232
1735,descriptive_0,1,1,54
1736,descriptive_0,1,2,11
1737,descriptive_0,1,4,2
1738,descriptive_0,1,3,1
1739,cause_5,1,0,241
1740,cause_5,1,1,59
