,simulation_id,answer,count
0,4,False,2436
1,4,0,3497
2,4,True,936
3,4,3,963
4,4,1,495
5,4,4,321
6,4,2,536
7,4,purple,53
8,4,circle,600
9,4,yellow,53
10,4,green,53
11,4,gray,53
12,4,red,53
13,4,brown,53
14,4,blue,53
15,4,cyan,53
16,2,False,1383
17,2,0,1003
18,2,True,1383
19,2,3,564
20,2,1,1003
21,2,2,864
22,2,gray,58
23,2,circle,138
24,2,brown,58
25,2,yellow,58
26,2,cube,138
27,2,4,169
28,2,red,58
29,2,green,58
30,2,blue,58
31,2,purple,58
32,2,cyan,58
33,2,5,23
34,2,7,1
35,2,6,3
36,3,True,1245
37,3,0,716
38,3,1,644
39,3,False,1581
40,3,blue,54
41,3,2,483
42,3,brown,54
43,3,circle,62
44,3,purple,54
45,3,triangle,62
46,3,green,54
47,3,gray,54
48,3,red,54
49,3,3,130
50,3,yellow,54
51,3,cube,62
52,3,cyan,54
53,6,False,1516
54,6,0,1505
55,6,1,521
56,6,2,267
57,6,red,47
58,6,yellow,47
59,6,True,995
60,6,cube,52
61,6,3,38
62,6,green,47
63,6,circle,52
64,6,cyan,47
65,6,blue,47
66,6,brown,47
67,6,triangle,52
68,6,purple,47
69,6,gray,47
70,10,False,3214
71,10,0,2168
72,10,True,1301
73,10,1,412
74,10,2,397
75,10,3,121
76,10,blue,21
77,10,triangle,91
78,10,circle,91
79,10,brown,21
80,10,purple,21
81,10,red,21
82,10,gray,21
83,10,cube,91
84,10,cyan,21
85,10,green,21
86,10,yellow,21
87,5,True,882
88,5,False,1003
89,5,1,579
90,5,2,356
91,5,0,879
92,5,purple,35
93,5,triangle,57
94,5,brown,35
95,5,circle,57
96,5,green,35
97,5,3,7
98,5,blue,35
99,5,cube,57
100,5,red,35
101,5,gray,35
102,5,yellow,35
103,5,cyan,35
104,7,True,1418
105,7,1,678
106,7,2,630
107,7,0,1878
108,7,cyan,64
109,7,circle,146
110,7,False,2359
111,7,red,64
112,7,blue,64
113,7,cube,146
114,7,triangle,146
115,7,yellow,64
116,7,green,64
117,7,3,144
118,7,gray,64
119,7,purple,64
120,7,brown,64
121,7,4,1
122,8,False,383
123,8,1,317
124,8,True,383
125,8,0,921
126,8,purple,52
127,8,blue,52
128,8,2,84
129,8,red,52
130,8,triangle,131
131,8,circle,131
132,8,cyan,52
133,8,cube,131
134,8,green,52
135,8,3,13
136,8,yellow,52
137,8,brown,52
138,8,gray,52
139,8,4,3
140,9,True,1572
141,9,1,762
142,9,3,161
143,9,4,39
144,9,2,591
145,9,cyan,39
146,9,triangle,52
147,9,False,946
148,9,0,762
149,9,circle,52
150,9,cube,52
151,9,gray,39
152,9,brown,39
153,9,purple,39
154,9,blue,39
155,9,red,39
156,9,yellow,39
157,9,green,39
158,1,0,1002
159,1,False,1336
160,1,True,1562
161,1,1,1002
162,1,2,685
163,1,brown,58
164,1,circle,181
165,1,3,255
166,1,gray,58
167,1,cube,181
168,1,yellow,58
169,1,red,58
170,1,triangle,181
171,1,cyan,58
172,1,blue,58
173,1,green,58
174,1,4,28
175,1,purple,58
176,1,5,3
