,template_id,simulation_id,answer,answer_type,count
0,descriptive_23,8,blue,Color,27
1,descriptive_23,8,red,Color,27
2,descriptive_23,8,cyan,Color,27
3,descriptive_23,8,green,Color,27
4,descriptive_23,8,yellow,Color,27
5,descriptive_23,8,brown,Color,27
6,descriptive_23,8,gray,Color,27
7,descriptive_23,8,purple,Color,27
8,descriptive_12,8,1,Count,1
9,descriptive_12,8,0,Count,1
10,descriptive_12,8,2,Count,1
11,descriptive_13,8,1,Count,20
12,descriptive_13,8,0,Count,20
13,descriptive_24,8,circle,Shape,62
14,descriptive_24,8,triangle,Shape,62
15,descriptive_24,8,cube,Shape,62
16,descriptive_1,8,1,Count,3
17,descriptive_1,8,2,Count,3
18,descriptive_1,8,0,Count,3
19,prevent_3,8,1,Count,1
20,prevent_3,8,0,Count,1
21,prevent_1,8,True,Boolean,1
22,prevent_1,8,False,Boolean,1
23,counterfactual_3,8,2,Count,1
24,counterfactual_3,8,1,Count,1
25,counterfactual_3,8,0,Count,1
26,descriptive_34,8,False,Boolean,1
27,descriptive_34,8,True,Boolean,1
28,descriptive_27,8,False,Boolean,24
29,descriptive_27,8,True,Boolean,24
30,enable_4,8,0,Count,7
31,enable_4,8,1,Count,7
32,descriptive_10,8,1,Count,1
33,descriptive_10,8,0,Count,1
34,descriptive_17,8,0,Count,5
35,descriptive_17,8,1,Count,5
36,descriptive_33,8,True,Boolean,5
37,descriptive_33,8,False,Boolean,5
38,counterfactual_1,8,True,Boolean,1
39,counterfactual_1,8,False,Boolean,1
40,enable_2,8,True,Boolean,4
41,enable_2,8,False,Boolean,4
42,descriptive_4,8,1,Count,32
43,descriptive_4,8,0,Count,32
44,prevent_0,8,False,Boolean,1
45,prevent_0,8,True,Boolean,1
46,descriptive_21,8,1,Count,7
47,descriptive_21,8,0,Count,7
48,enable_1,8,True,Boolean,9
49,enable_1,8,False,Boolean,9
50,cause_5,8,0,Count,21
51,cause_5,8,1,Count,21
52,descriptive_37,8,False,Boolean,7
53,descriptive_37,8,True,Boolean,7
54,descriptive_26,8,False,Boolean,7
55,descriptive_26,8,True,Boolean,7
56,descriptive_22,8,purple,Color,25
57,descriptive_22,8,brown,Color,25
58,descriptive_22,8,blue,Color,25
59,descriptive_22,8,green,Color,25
60,descriptive_22,8,cyan,Color,25
61,descriptive_22,8,yellow,Color,25
62,descriptive_22,8,gray,Color,25
63,descriptive_22,8,red,Color,25
64,counterfactual_2,8,True,Boolean,23
65,counterfactual_2,8,False,Boolean,23
66,descriptive_7,8,2,Count,9
67,descriptive_7,8,0,Count,9
68,descriptive_7,8,1,Count,9
69,cause_3,8,1,Count,1
70,cause_3,8,0,Count,1
71,descriptive_25,8,circle,Shape,69
72,descriptive_25,8,cube,Shape,69
73,descriptive_25,8,triangle,Shape,69
74,cause_0,8,False,Boolean,1
75,cause_0,8,True,Boolean,1
76,descriptive_3,8,4,Count,3
77,descriptive_3,8,2,Count,3
78,descriptive_3,8,1,Count,3
79,descriptive_3,8,3,Count,3
80,descriptive_3,8,0,Count,3
81,descriptive_31,8,True,Boolean,29
82,descriptive_31,8,False,Boolean,29
83,cause_1,8,False,Boolean,27
84,cause_1,8,True,Boolean,27
85,counterfactual_5,8,0,Count,6
86,counterfactual_5,8,1,Count,6
87,counterfactual_5,8,2,Count,6
88,cause_4,8,0,Count,25
89,cause_4,8,1,Count,25
90,descriptive_2,8,2,Count,2
91,descriptive_2,8,0,Count,2
92,descriptive_2,8,3,Count,2
93,descriptive_2,8,1,Count,2
94,enable_5,8,0,Count,7
95,enable_5,8,1,Count,7
96,counterfactual_6,8,False,Boolean,46
97,counterfactual_6,8,True,Boolean,46
98,cause_2,8,True,Boolean,27
99,cause_2,8,False,Boolean,27
100,descriptive_0,8,3,Count,1
101,descriptive_0,8,0,Count,1
102,descriptive_0,8,2,Count,1
103,descriptive_0,8,1,Count,1
104,descriptive_8,8,1,Count,2
105,descriptive_8,8,0,Count,2
106,descriptive_30,8,False,Boolean,12
107,descriptive_30,8,True,Boolean,12
108,descriptive_14,8,0,Count,2
109,descriptive_14,8,1,Count,2
110,descriptive_14,8,2,Count,2
111,descriptive_32,8,True,Boolean,37
112,descriptive_32,8,False,Boolean,37
113,counterfactual_0,8,False,Boolean,20
114,counterfactual_0,8,True,Boolean,20
115,descriptive_36,8,True,Boolean,44
116,descriptive_36,8,False,Boolean,44
117,descriptive_15,8,1,Count,10
118,descriptive_15,8,2,Count,10
119,descriptive_15,8,0,Count,10
120,descriptive_11,8,1,Count,2
121,descriptive_11,8,0,Count,2
122,counterfactual_8,8,False,Boolean,50
123,counterfactual_8,8,True,Boolean,50
124,counterfactual_4,8,1,Count,2
125,counterfactual_4,8,0,Count,2
126,prevent_5,8,0,Count,5
127,prevent_5,8,1,Count,5
128,descriptive_16,8,1,Count,9
129,descriptive_16,8,0,Count,9
130,descriptive_5,8,1,Count,15
131,descriptive_5,8,0,Count,15
132,prevent_4,8,1,Count,3
133,prevent_4,8,0,Count,3
134,descriptive_20,8,1,Count,9
135,descriptive_20,8,0,Count,9
136,counterfactual_7,8,True,Boolean,2
137,counterfactual_7,8,False,Boolean,2
138,prevent_2,8,True,Boolean,1
139,prevent_2,8,False,Boolean,1
140,descriptive_6,8,0,Count,59
141,descriptive_6,8,1,Count,59
142,descriptive_23,2,gray,Color,28
143,descriptive_23,2,yellow,Color,28
144,descriptive_23,2,green,Color,28
145,descriptive_23,2,blue,Color,28
146,descriptive_23,2,purple,Color,28
147,descriptive_23,2,cyan,Color,28
148,descriptive_23,2,brown,Color,28
149,descriptive_23,2,red,Color,28
150,descriptive_12,2,3,Count,1
151,descriptive_12,2,4,Count,1
152,descriptive_12,2,2,Count,1
153,descriptive_12,2,0,Count,1
154,descriptive_12,2,1,Count,1
155,descriptive_13,2,2,Count,1
156,descriptive_13,2,1,Count,1
157,descriptive_13,2,0,Count,1
158,descriptive_24,2,cube,Shape,75
159,descriptive_24,2,circle,Shape,75
160,descriptive_1,2,1,Count,3
161,descriptive_1,2,2,Count,3
162,descriptive_1,2,0,Count,3
163,prevent_3,2,0,Count,6
164,prevent_3,2,1,Count,6
165,prevent_3,2,2,Count,6
166,descriptive_28,2,True,Boolean,103
167,descriptive_28,2,False,Boolean,103
168,enable_0,2,True,Boolean,41
169,enable_0,2,False,Boolean,41
170,prevent_1,2,False,Boolean,7
171,prevent_1,2,True,Boolean,7
172,enable_3,2,2,Count,2
173,enable_3,2,1,Count,2
174,enable_3,2,0,Count,2
175,counterfactual_3,2,1,Count,5
176,counterfactual_3,2,0,Count,5
177,counterfactual_3,2,3,Count,5
178,counterfactual_3,2,4,Count,5
179,counterfactual_3,2,2,Count,5
180,descriptive_34,2,True,Boolean,90
181,descriptive_34,2,False,Boolean,90
182,descriptive_27,2,False,Boolean,52
183,descriptive_27,2,True,Boolean,52
184,enable_4,2,1,Count,1
185,enable_4,2,0,Count,1
186,enable_4,2,2,Count,1
187,descriptive_10,2,1,Count,2
188,descriptive_10,2,0,Count,2
189,descriptive_10,2,4,Count,2
190,descriptive_10,2,2,Count,2
191,descriptive_10,2,3,Count,2
192,descriptive_17,2,3,Count,6
193,descriptive_17,2,1,Count,6
194,descriptive_17,2,0,Count,6
195,descriptive_17,2,2,Count,6
196,descriptive_33,2,False,Boolean,4
197,descriptive_33,2,True,Boolean,4
198,counterfactual_1,2,True,Boolean,48
199,counterfactual_1,2,False,Boolean,48
200,enable_2,2,True,Boolean,26
201,enable_2,2,False,Boolean,26
202,descriptive_18,2,0,Count,1
203,descriptive_18,2,1,Count,1
204,descriptive_18,2,3,Count,1
205,descriptive_18,2,4,Count,1
206,descriptive_18,2,2,Count,1
207,descriptive_4,2,0,Count,1
208,descriptive_4,2,4,Count,1
209,descriptive_4,2,3,Count,1
210,descriptive_4,2,1,Count,1
211,descriptive_4,2,2,Count,1
212,descriptive_19,2,4,Count,1
213,descriptive_19,2,0,Count,1
214,descriptive_19,2,1,Count,1
215,descriptive_19,2,2,Count,1
216,descriptive_19,2,3,Count,1
217,descriptive_35,2,False,Boolean,1
218,descriptive_35,2,True,Boolean,1
219,prevent_0,2,False,Boolean,19
220,prevent_0,2,True,Boolean,19
221,descriptive_21,2,0,Count,6
222,descriptive_21,2,1,Count,6
223,descriptive_21,2,3,Count,6
224,descriptive_21,2,2,Count,6
225,enable_1,2,False,Boolean,23
226,enable_1,2,True,Boolean,23
227,cause_5,2,1,Count,1
228,cause_5,2,3,Count,1
229,cause_5,2,2,Count,1
230,cause_5,2,0,Count,1
231,descriptive_37,2,False,Boolean,6
232,descriptive_37,2,True,Boolean,6
233,descriptive_26,2,True,Boolean,97
234,descriptive_26,2,False,Boolean,97
235,descriptive_22,2,gray,Color,30
236,descriptive_22,2,brown,Color,30
237,descriptive_22,2,red,Color,30
238,descriptive_22,2,purple,Color,30
239,descriptive_22,2,cyan,Color,30
240,descriptive_22,2,green,Color,30
241,descriptive_22,2,yellow,Color,30
242,descriptive_22,2,blue,Color,30
243,counterfactual_2,2,True,Boolean,46
244,counterfactual_2,2,False,Boolean,46
245,descriptive_7,2,2,Count,1
246,descriptive_7,2,1,Count,1
247,descriptive_7,2,4,Count,1
248,descriptive_7,2,3,Count,1
249,descriptive_7,2,0,Count,1
250,descriptive_7,2,5,Count,1
251,cause_3,2,0,Count,1
252,cause_3,2,3,Count,1
253,cause_3,2,1,Count,1
254,cause_3,2,2,Count,1
255,descriptive_9,2,0,Count,3
256,descriptive_9,2,2,Count,3
257,descriptive_9,2,1,Count,3
258,descriptive_25,2,cube,Shape,63
259,descriptive_25,2,circle,Shape,63
260,cause_0,2,True,Boolean,32
261,cause_0,2,False,Boolean,32
262,descriptive_3,2,0,Count,1
263,descriptive_3,2,2,Count,1
264,descriptive_3,2,3,Count,1
265,descriptive_3,2,7,Count,1
266,descriptive_3,2,6,Count,1
267,descriptive_3,2,5,Count,1
268,descriptive_3,2,4,Count,1
269,descriptive_3,2,1,Count,1
270,descriptive_31,2,False,Boolean,58
271,descriptive_31,2,True,Boolean,58
272,cause_1,2,True,Boolean,46
273,cause_1,2,False,Boolean,46
274,counterfactual_5,2,1,Count,4
275,counterfactual_5,2,2,Count,4
276,counterfactual_5,2,0,Count,4
277,counterfactual_5,2,3,Count,4
278,counterfactual_5,2,4,Count,4
279,cause_4,2,1,Count,15
280,cause_4,2,0,Count,15
281,cause_4,2,2,Count,15
282,descriptive_2,2,0,Count,1
283,descriptive_2,2,2,Count,1
284,descriptive_2,2,4,Count,1
285,descriptive_2,2,5,Count,1
286,descriptive_2,2,1,Count,1
287,descriptive_2,2,3,Count,1
288,enable_5,2,1,Count,48
289,enable_5,2,0,Count,48
290,counterfactual_6,2,False,Boolean,128
291,counterfactual_6,2,True,Boolean,128
292,cause_2,2,False,Boolean,45
293,cause_2,2,True,Boolean,45
294,descriptive_0,2,4,Count,17
295,descriptive_0,2,0,Count,17
296,descriptive_0,2,1,Count,17
297,descriptive_0,2,3,Count,17
298,descriptive_0,2,2,Count,17
299,descriptive_8,2,1,Count,2
300,descriptive_8,2,0,Count,2
301,descriptive_8,2,2,Count,2
302,descriptive_8,2,4,Count,2
303,descriptive_8,2,3,Count,2
304,descriptive_30,2,True,Boolean,83
305,descriptive_30,2,False,Boolean,83
306,descriptive_14,2,0,Count,18
307,descriptive_14,2,1,Count,18
308,descriptive_14,2,2,Count,18
309,descriptive_14,2,3,Count,18
310,descriptive_32,2,False,Boolean,38
311,descriptive_32,2,True,Boolean,38
312,counterfactual_0,2,False,Boolean,46
313,counterfactual_0,2,True,Boolean,46
314,descriptive_36,2,True,Boolean,45
315,descriptive_36,2,False,Boolean,45
316,descriptive_15,2,3,Count,1
317,descriptive_15,2,1,Count,1
318,descriptive_15,2,2,Count,1
319,descriptive_15,2,0,Count,1
320,descriptive_15,2,4,Count,1
321,descriptive_15,2,5,Count,1
322,descriptive_11,2,1,Count,3
323,descriptive_11,2,5,Count,3
324,descriptive_11,2,0,Count,3
325,descriptive_11,2,4,Count,3
326,descriptive_11,2,2,Count,3
327,descriptive_11,2,3,Count,3
328,counterfactual_8,2,True,Boolean,131
329,counterfactual_8,2,False,Boolean,131
330,counterfactual_4,2,4,Count,1
331,counterfactual_4,2,5,Count,1
332,counterfactual_4,2,0,Count,1
333,counterfactual_4,2,1,Count,1
334,counterfactual_4,2,3,Count,1
335,counterfactual_4,2,2,Count,1
336,prevent_5,2,3,Count,1
337,prevent_5,2,2,Count,1
338,prevent_5,2,0,Count,1
339,prevent_5,2,1,Count,1
340,descriptive_16,2,0,Count,1
341,descriptive_16,2,2,Count,1
342,descriptive_16,2,3,Count,1
343,descriptive_16,2,1,Count,1
344,descriptive_16,2,4,Count,1
345,descriptive_5,2,0,Count,55
346,descriptive_5,2,1,Count,55
347,prevent_4,2,0,Count,36
348,prevent_4,2,1,Count,36
349,descriptive_29,2,False,Boolean,26
350,descriptive_29,2,True,Boolean,26
351,descriptive_20,2,0,Count,1
352,descriptive_20,2,1,Count,1
353,descriptive_20,2,2,Count,1
354,descriptive_20,2,3,Count,1
355,descriptive_20,2,4,Count,1
356,counterfactual_7,2,True,Boolean,133
357,counterfactual_7,2,False,Boolean,133
358,prevent_2,2,False,Boolean,9
359,prevent_2,2,True,Boolean,9
360,descriptive_6,2,0,Count,9
361,descriptive_6,2,3,Count,9
362,descriptive_6,2,1,Count,9
363,descriptive_6,2,2,Count,9
364,descriptive_23,7,cyan,Color,32
365,descriptive_23,7,blue,Color,32
366,descriptive_23,7,yellow,Color,32
367,descriptive_23,7,gray,Color,32
368,descriptive_23,7,purple,Color,32
369,descriptive_23,7,green,Color,32
370,descriptive_23,7,brown,Color,32
371,descriptive_23,7,red,Color,32
372,descriptive_12,7,0,Count,30
373,descriptive_12,7,2,Count,30
374,descriptive_12,7,1,Count,30
375,descriptive_13,7,1,Count,3
376,descriptive_13,7,2,Count,3
377,descriptive_13,7,0,Count,3
378,descriptive_24,7,circle,Shape,67
379,descriptive_24,7,cube,Shape,67
380,descriptive_24,7,triangle,Shape,67
381,descriptive_1,7,0,Count,4
382,descriptive_1,7,1,Count,4
383,descriptive_1,7,2,Count,4
384,prevent_3,7,0,Count,10
385,prevent_3,7,1,Count,10
386,descriptive_28,7,True,Boolean,11
387,descriptive_28,7,False,Boolean,11
388,enable_0,7,False,Boolean,52
389,enable_0,7,True,Boolean,52
390,enable_3,7,0,Count,38
391,enable_3,7,1,Count,38
392,counterfactual_3,7,1,Count,65
393,counterfactual_3,7,0,Count,65
394,counterfactual_3,7,2,Count,65
395,descriptive_34,7,False,Boolean,42
396,descriptive_34,7,True,Boolean,42
397,descriptive_27,7,False,Boolean,9
398,descriptive_27,7,True,Boolean,9
399,descriptive_10,7,0,Count,7
400,descriptive_10,7,1,Count,7
401,descriptive_10,7,2,Count,7
402,descriptive_17,7,2,Count,16
403,descriptive_17,7,1,Count,16
404,descriptive_17,7,0,Count,16
405,descriptive_33,7,True,Boolean,1
406,descriptive_33,7,False,Boolean,1
407,counterfactual_1,7,True,Boolean,38
408,counterfactual_1,7,False,Boolean,38
409,descriptive_18,7,0,Count,2
410,descriptive_18,7,1,Count,2
411,descriptive_18,7,2,Count,2
412,descriptive_4,7,1,Count,1
413,descriptive_4,7,3,Count,1
414,descriptive_4,7,2,Count,1
415,descriptive_4,7,0,Count,1
416,descriptive_19,7,1,Count,1
417,descriptive_19,7,0,Count,1
418,descriptive_19,7,2,Count,1
419,descriptive_35,7,True,Boolean,178
420,prevent_0,7,False,Boolean,1
421,prevent_0,7,True,Boolean,1
422,descriptive_21,7,0,Count,17
423,descriptive_21,7,1,Count,17
424,descriptive_21,7,2,Count,17
425,cause_5,7,0,Count,2
426,cause_5,7,2,Count,2
427,cause_5,7,1,Count,2
428,cause_5,7,3,Count,2
429,descriptive_37,7,True,Boolean,2
430,descriptive_37,7,False,Boolean,2
431,descriptive_26,7,True,Boolean,111
432,descriptive_26,7,False,Boolean,111
433,descriptive_22,7,cyan,Color,32
434,descriptive_22,7,red,Color,32
435,descriptive_22,7,blue,Color,32
436,descriptive_22,7,yellow,Color,32
437,descriptive_22,7,green,Color,32
438,descriptive_22,7,purple,Color,32
439,descriptive_22,7,brown,Color,32
440,descriptive_22,7,gray,Color,32
441,counterfactual_2,7,False,Boolean,75
442,counterfactual_2,7,True,Boolean,75
443,descriptive_7,7,2,Count,37
444,descriptive_7,7,0,Count,37
445,descriptive_7,7,3,Count,37
446,descriptive_7,7,1,Count,37
447,cause_3,7,1,Count,2
448,cause_3,7,0,Count,2
449,cause_3,7,2,Count,2
450,descriptive_9,7,2,Count,1
451,descriptive_9,7,0,Count,1
452,descriptive_9,7,1,Count,1
453,descriptive_25,7,circle,Shape,79
454,descriptive_25,7,triangle,Shape,79
455,descriptive_25,7,cube,Shape,79
456,cause_0,7,True,Boolean,25
457,cause_0,7,False,Boolean,25
458,descriptive_3,7,2,Count,1
459,descriptive_3,7,1,Count,1
460,descriptive_3,7,4,Count,1
461,descriptive_3,7,0,Count,1
462,descriptive_3,7,3,Count,1
463,descriptive_31,7,False,Boolean,12
464,descriptive_31,7,True,Boolean,12
465,cause_1,7,True,Boolean,51
466,cause_1,7,False,Boolean,51
467,counterfactual_5,7,0,Count,59
468,counterfactual_5,7,1,Count,59
469,counterfactual_5,7,2,Count,59
470,cause_4,7,0,Count,2
471,cause_4,7,2,Count,2
472,cause_4,7,1,Count,2
473,cause_4,7,3,Count,2
474,descriptive_2,7,1,Count,2
475,descriptive_2,7,3,Count,2
476,descriptive_2,7,0,Count,2
477,descriptive_2,7,2,Count,2
478,counterfactual_6,7,True,Boolean,145
479,counterfactual_6,7,False,Boolean,145
480,cause_2,7,True,Boolean,55
481,cause_2,7,False,Boolean,55
482,descriptive_0,7,0,Count,3
483,descriptive_0,7,2,Count,3
484,descriptive_0,7,3,Count,3
485,descriptive_0,7,1,Count,3
486,descriptive_8,7,2,Count,3
487,descriptive_8,7,0,Count,3
488,descriptive_8,7,1,Count,3
489,descriptive_8,7,3,Count,3
490,descriptive_30,7,False,Boolean,106
491,descriptive_30,7,True,Boolean,106
492,descriptive_14,7,0,Count,6
493,descriptive_14,7,3,Count,6
494,descriptive_14,7,1,Count,6
495,descriptive_14,7,2,Count,6
496,descriptive_32,7,True,Boolean,85
497,descriptive_32,7,False,Boolean,85
498,counterfactual_0,7,True,Boolean,70
499,counterfactual_0,7,False,Boolean,70
500,descriptive_36,7,False,Boolean,118
501,descriptive_36,7,True,Boolean,118
502,descriptive_15,7,0,Count,25
503,descriptive_15,7,3,Count,25
504,descriptive_15,7,2,Count,25
505,descriptive_15,7,1,Count,25
506,descriptive_11,7,0,Count,5
507,descriptive_11,7,1,Count,5
508,descriptive_11,7,2,Count,5
509,descriptive_11,7,3,Count,5
510,counterfactual_8,7,True,Boolean,121
511,counterfactual_8,7,False,Boolean,121
512,counterfactual_4,7,3,Count,1
513,counterfactual_4,7,2,Count,1
514,counterfactual_4,7,1,Count,1
515,counterfactual_4,7,0,Count,1
516,descriptive_16,7,0,Count,1
517,descriptive_16,7,3,Count,1
518,descriptive_16,7,1,Count,1
519,descriptive_16,7,2,Count,1
520,descriptive_5,7,0,Count,1
521,descriptive_5,7,2,Count,1
522,descriptive_5,7,1,Count,1
523,descriptive_29,7,True,Boolean,4
524,descriptive_29,7,False,Boolean,4
525,descriptive_20,7,0,Count,29
526,descriptive_20,7,2,Count,29
527,descriptive_20,7,1,Count,29
528,counterfactual_7,7,False,Boolean,106
529,counterfactual_7,7,True,Boolean,106
530,descriptive_6,7,1,Count,5
531,descriptive_6,7,3,Count,5
532,descriptive_6,7,0,Count,5
533,descriptive_6,7,2,Count,5
534,descriptive_23,4,yellow,Color,30
535,descriptive_23,4,gray,Color,30
536,descriptive_23,4,red,Color,30
537,descriptive_23,4,brown,Color,30
538,descriptive_23,4,purple,Color,30
539,descriptive_23,4,green,Color,30
540,descriptive_23,4,blue,Color,30
541,descriptive_23,4,cyan,Color,30
542,descriptive_12,4,2,Count,16
543,descriptive_12,4,0,Count,16
544,descriptive_12,4,4,Count,16
545,descriptive_12,4,3,Count,16
546,descriptive_13,4,0,Count,9
547,descriptive_13,4,1,Count,9
548,descriptive_13,4,2,Count,9
549,descriptive_24,4,circle,Shape,300
550,descriptive_1,4,2,Count,2
551,descriptive_1,4,1,Count,2
552,descriptive_1,4,0,Count,2
553,prevent_1,4,False,Boolean,46
554,prevent_1,4,True,Boolean,46
555,counterfactual_3,4,3,Count,8
556,counterfactual_3,4,1,Count,8
557,counterfactual_3,4,2,Count,8
558,descriptive_27,4,False,Boolean,145
559,descriptive_27,4,True,Boolean,145
560,enable_4,4,1,Count,6
561,enable_4,4,0,Count,6
562,descriptive_17,4,3,Count,40
563,descriptive_17,4,0,Count,40
564,descriptive_17,4,1,Count,40
565,descriptive_17,4,2,Count,40
566,descriptive_33,4,False,Boolean,70
567,descriptive_33,4,True,Boolean,70
568,enable_2,4,True,Boolean,12
569,enable_2,4,False,Boolean,12
570,descriptive_4,4,2,Count,6
571,descriptive_4,4,0,Count,6
572,descriptive_4,4,3,Count,6
573,descriptive_4,4,4,Count,6
574,descriptive_21,4,1,Count,16
575,descriptive_21,4,3,Count,16
576,descriptive_21,4,0,Count,16
577,descriptive_21,4,2,Count,16
578,enable_1,4,True,Boolean,4
579,enable_1,4,False,Boolean,4
580,descriptive_37,4,False,Boolean,69
581,descriptive_37,4,True,Boolean,69
582,descriptive_26,4,True,Boolean,21
583,descriptive_26,4,False,Boolean,21
584,descriptive_22,4,purple,Color,23
585,descriptive_22,4,yellow,Color,23
586,descriptive_22,4,green,Color,23
587,descriptive_22,4,red,Color,23
588,descriptive_22,4,brown,Color,23
589,descriptive_22,4,blue,Color,23
590,descriptive_22,4,gray,Color,23
591,descriptive_22,4,cyan,Color,23
592,counterfactual_2,4,True,Boolean,127
593,counterfactual_2,4,False,Boolean,127
594,descriptive_7,4,2,Count,20
595,descriptive_7,4,4,Count,20
596,descriptive_7,4,3,Count,20
597,descriptive_25,4,circle,Shape,300
598,descriptive_3,4,0,Count,25
599,descriptive_3,4,2,Count,25
600,descriptive_3,4,3,Count,25
601,descriptive_3,4,1,Count,25
602,descriptive_3,4,4,Count,25
603,descriptive_31,4,True,Boolean,111
604,descriptive_31,4,False,Boolean,111
605,counterfactual_5,4,1,Count,15
606,counterfactual_5,4,3,Count,15
607,counterfactual_5,4,2,Count,15
608,descriptive_2,4,3,Count,1
609,descriptive_2,4,4,Count,1
610,descriptive_2,4,0,Count,1
611,descriptive_2,4,1,Count,1
612,descriptive_2,4,2,Count,1
613,enable_5,4,1,Count,1
614,enable_5,4,2,Count,1
615,enable_5,4,0,Count,1
616,counterfactual_6,4,True,Boolean,14
617,counterfactual_6,4,False,Boolean,14
618,descriptive_0,4,0,Count,4
619,descriptive_0,4,2,Count,4
620,descriptive_0,4,3,Count,4
621,descriptive_0,4,1,Count,4
622,descriptive_0,4,4,Count,4
623,descriptive_30,4,True,Boolean,54
624,descriptive_30,4,False,Boolean,54
625,descriptive_14,4,1,Count,3
626,descriptive_14,4,2,Count,3
627,descriptive_14,4,3,Count,3
628,descriptive_14,4,0,Count,3
629,descriptive_14,4,4,Count,3
630,descriptive_32,4,True,Boolean,11
631,descriptive_32,4,False,Boolean,11
632,counterfactual_0,4,True,Boolean,109
633,counterfactual_0,4,False,Boolean,109
634,descriptive_36,4,True,Boolean,37
635,descriptive_36,4,False,Boolean,37
636,descriptive_15,4,3,Count,2
637,descriptive_15,4,4,Count,2
638,descriptive_15,4,1,Count,2
639,descriptive_15,4,2,Count,2
640,counterfactual_8,4,True,Boolean,35
641,counterfactual_8,4,False,Boolean,35
642,prevent_5,4,0,Count,9
643,prevent_5,4,2,Count,9
644,prevent_5,4,1,Count,9
645,descriptive_16,4,2,Count,37
646,descriptive_16,4,0,Count,37
647,descriptive_16,4,1,Count,37
648,descriptive_16,4,3,Count,37
649,descriptive_5,4,0,Count,14
650,descriptive_5,4,1,Count,14
651,descriptive_5,4,2,Count,14
652,prevent_4,4,2,Count,4
653,prevent_4,4,1,Count,4
654,prevent_4,4,0,Count,4
655,descriptive_20,4,1,Count,35
656,descriptive_20,4,2,Count,35
657,descriptive_20,4,3,Count,35
658,descriptive_20,4,0,Count,35
659,prevent_2,4,True,Boolean,71
660,prevent_2,4,False,Boolean,71
661,descriptive_6,4,2,Count,7
662,descriptive_6,4,1,Count,7
663,descriptive_6,4,3,Count,7
664,descriptive_6,4,0,Count,7
665,descriptive_6,4,4,Count,7
666,descriptive_23,10,green,Color,9
667,descriptive_23,10,brown,Color,9
668,descriptive_23,10,red,Color,9
669,descriptive_23,10,purple,Color,9
670,descriptive_23,10,blue,Color,9
671,descriptive_23,10,cyan,Color,9
672,descriptive_23,10,gray,Color,9
673,descriptive_23,10,yellow,Color,9
674,descriptive_12,10,1,Count,1
675,descriptive_12,10,0,Count,1
676,descriptive_12,10,2,Count,1
677,descriptive_12,10,3,Count,1
678,descriptive_13,10,1,Count,4
679,descriptive_13,10,2,Count,4
680,descriptive_13,10,0,Count,4
681,descriptive_24,10,triangle,Shape,43
682,descriptive_24,10,circle,Shape,43
683,descriptive_24,10,cube,Shape,43
684,descriptive_1,10,1,Count,10
685,descriptive_1,10,0,Count,10
686,descriptive_28,10,True,Boolean,4
687,descriptive_28,10,False,Boolean,4
688,counterfactual_3,10,0,Count,37
689,counterfactual_3,10,1,Count,37
690,counterfactual_3,10,2,Count,37
691,descriptive_34,10,False,Boolean,63
692,descriptive_34,10,True,Boolean,63
693,descriptive_27,10,True,Boolean,21
694,descriptive_27,10,False,Boolean,21
695,descriptive_10,10,2,Count,5
696,descriptive_10,10,1,Count,5
697,descriptive_10,10,0,Count,5
698,descriptive_17,10,0,Count,7
699,descriptive_17,10,2,Count,7
700,descriptive_17,10,1,Count,7
701,descriptive_33,10,False,Boolean,21
702,descriptive_33,10,True,Boolean,21
703,counterfactual_1,10,False,Boolean,53
704,counterfactual_1,10,True,Boolean,53
705,descriptive_18,10,0,Count,1
706,descriptive_18,10,1,Count,1
707,descriptive_18,10,2,Count,1
708,descriptive_4,10,3,Count,1
709,descriptive_4,10,1,Count,1
710,descriptive_4,10,2,Count,1
711,descriptive_4,10,0,Count,1
712,descriptive_19,10,1,Count,2
713,descriptive_19,10,2,Count,2
714,descriptive_19,10,0,Count,2
715,descriptive_35,10,False,Boolean,32
716,descriptive_35,10,True,Boolean,32
717,descriptive_21,10,2,Count,19
718,descriptive_21,10,0,Count,19
719,descriptive_21,10,1,Count,19
720,cause_5,10,1,Count,2
721,cause_5,10,0,Count,2
722,descriptive_37,10,False,Boolean,36
723,descriptive_37,10,True,Boolean,36
724,descriptive_26,10,False,Boolean,134
725,descriptive_26,10,True,Boolean,134
726,descriptive_22,10,blue,Color,12
727,descriptive_22,10,purple,Color,12
728,descriptive_22,10,brown,Color,12
729,descriptive_22,10,red,Color,12
730,descriptive_22,10,gray,Color,12
731,descriptive_22,10,green,Color,12
732,descriptive_22,10,cyan,Color,12
733,descriptive_22,10,yellow,Color,12
734,counterfactual_2,10,False,Boolean,124
735,counterfactual_2,10,True,Boolean,124
736,descriptive_7,10,0,Count,4
737,descriptive_7,10,3,Count,4
738,descriptive_7,10,1,Count,4
739,descriptive_7,10,2,Count,4
740,cause_3,10,0,Count,2
741,cause_3,10,1,Count,2
742,descriptive_9,10,2,Count,1
743,descriptive_9,10,1,Count,1
744,descriptive_9,10,0,Count,1
745,descriptive_25,10,circle,Shape,48
746,descriptive_25,10,triangle,Shape,48
747,descriptive_25,10,cube,Shape,48
748,cause_0,10,False,Boolean,4
749,cause_0,10,True,Boolean,4
750,descriptive_3,10,0,Count,1
751,descriptive_3,10,1,Count,1
752,descriptive_3,10,2,Count,1
753,descriptive_3,10,3,Count,1
754,descriptive_31,10,False,Boolean,33
755,descriptive_31,10,True,Boolean,33
756,counterfactual_5,10,0,Count,8
757,counterfactual_5,10,1,Count,8
758,counterfactual_5,10,2,Count,8
759,cause_4,10,0,Count,1
760,cause_4,10,1,Count,1
761,descriptive_2,10,2,Count,1
762,descriptive_2,10,0,Count,1
763,descriptive_2,10,1,Count,1
764,descriptive_2,10,3,Count,1
765,counterfactual_6,10,True,Boolean,113
766,counterfactual_6,10,False,Boolean,113
767,cause_2,10,True,Boolean,2
768,cause_2,10,False,Boolean,2
769,descriptive_0,10,1,Count,1
770,descriptive_0,10,0,Count,1
771,descriptive_0,10,2,Count,1
772,descriptive_0,10,3,Count,1
773,descriptive_8,10,1,Count,5
774,descriptive_8,10,0,Count,5
775,descriptive_8,10,2,Count,5
776,descriptive_30,10,False,Boolean,114
777,descriptive_30,10,True,Boolean,114
778,descriptive_14,10,2,Count,15
779,descriptive_14,10,3,Count,15
780,descriptive_14,10,1,Count,15
781,descriptive_14,10,0,Count,15
782,descriptive_32,10,False,Boolean,139
783,descriptive_32,10,True,Boolean,139
784,counterfactual_0,10,False,Boolean,111
785,counterfactual_0,10,True,Boolean,111
786,descriptive_36,10,False,Boolean,127
787,descriptive_36,10,True,Boolean,127
788,descriptive_15,10,1,Count,44
789,descriptive_15,10,2,Count,44
790,descriptive_15,10,3,Count,44
791,descriptive_11,10,2,Count,3
792,descriptive_11,10,3,Count,3
793,descriptive_11,10,1,Count,3
794,descriptive_11,10,0,Count,3
795,counterfactual_8,10,True,Boolean,84
796,counterfactual_8,10,False,Boolean,84
797,counterfactual_4,10,1,Count,12
798,counterfactual_4,10,0,Count,12
799,counterfactual_4,10,2,Count,12
800,descriptive_16,10,2,Count,14
801,descriptive_16,10,1,Count,14
802,descriptive_16,10,0,Count,14
803,descriptive_5,10,2,Count,6
804,descriptive_5,10,1,Count,6
805,descriptive_5,10,0,Count,6
806,descriptive_29,10,True,Boolean,10
807,descriptive_29,10,False,Boolean,10
808,descriptive_20,10,2,Count,42
809,descriptive_20,10,1,Count,42
810,descriptive_20,10,0,Count,42
811,counterfactual_7,10,False,Boolean,76
812,counterfactual_7,10,True,Boolean,76
813,descriptive_6,10,2,Count,4
814,descriptive_6,10,3,Count,4
815,descriptive_6,10,1,Count,4
816,descriptive_6,10,0,Count,4
817,descriptive_23,1,brown,Color,31
818,descriptive_23,1,yellow,Color,31
819,descriptive_23,1,cyan,Color,31
820,descriptive_23,1,red,Color,31
821,descriptive_23,1,gray,Color,31
822,descriptive_23,1,blue,Color,31
823,descriptive_23,1,green,Color,31
824,descriptive_23,1,purple,Color,31
825,descriptive_12,1,3,Count,4
826,descriptive_12,1,0,Count,4
827,descriptive_12,1,2,Count,4
828,descriptive_12,1,1,Count,4
829,descriptive_13,1,1,Count,53
830,descriptive_13,1,0,Count,53
831,descriptive_24,1,circle,Shape,87
832,descriptive_24,1,cube,Shape,87
833,descriptive_24,1,triangle,Shape,87
834,descriptive_1,1,0,Count,34
835,descriptive_1,1,1,Count,34
836,prevent_3,1,1,Count,3
837,prevent_3,1,0,Count,3
838,prevent_3,1,2,Count,3
839,descriptive_28,1,True,Boolean,31
840,descriptive_28,1,False,Boolean,31
841,enable_0,1,False,Boolean,46
842,enable_0,1,True,Boolean,46
843,prevent_1,1,True,Boolean,18
844,prevent_1,1,False,Boolean,18
845,enable_3,1,2,Count,3
846,enable_3,1,1,Count,3
847,enable_3,1,0,Count,3
848,counterfactual_3,1,3,Count,1
849,counterfactual_3,1,4,Count,1
850,counterfactual_3,1,2,Count,1
851,counterfactual_3,1,0,Count,1
852,counterfactual_3,1,1,Count,1
853,descriptive_34,1,True,Boolean,93
854,descriptive_34,1,False,Boolean,93
855,descriptive_27,1,True,Boolean,5
856,descriptive_27,1,False,Boolean,5
857,enable_4,1,0,Count,19
858,enable_4,1,1,Count,19
859,descriptive_10,1,0,Count,1
860,descriptive_10,1,3,Count,1
861,descriptive_10,1,2,Count,1
862,descriptive_10,1,1,Count,1
863,descriptive_17,1,0,Count,2
864,descriptive_17,1,2,Count,2
865,descriptive_17,1,1,Count,2
866,descriptive_17,1,3,Count,2
867,descriptive_33,1,False,Boolean,2
868,descriptive_33,1,True,Boolean,2
869,counterfactual_1,1,True,Boolean,46
870,counterfactual_1,1,False,Boolean,46
871,enable_2,1,False,Boolean,10
872,enable_2,1,True,Boolean,10
873,descriptive_18,1,0,Count,1
874,descriptive_18,1,2,Count,1
875,descriptive_18,1,1,Count,1
876,descriptive_18,1,3,Count,1
877,descriptive_4,1,2,Count,1
878,descriptive_4,1,4,Count,1
879,descriptive_4,1,3,Count,1
880,descriptive_4,1,1,Count,1
881,descriptive_4,1,0,Count,1
882,descriptive_19,1,3,Count,1
883,descriptive_19,1,2,Count,1
884,descriptive_19,1,1,Count,1
885,descriptive_19,1,0,Count,1
886,prevent_0,1,False,Boolean,14
887,prevent_0,1,True,Boolean,14
888,descriptive_21,1,1,Count,15
889,descriptive_21,1,2,Count,15
890,descriptive_21,1,0,Count,15
891,enable_1,1,True,Boolean,12
892,enable_1,1,False,Boolean,12
893,cause_5,1,0,Count,59
894,cause_5,1,1,Count,59
895,descriptive_37,1,False,Boolean,5
896,descriptive_37,1,True,Boolean,5
897,descriptive_26,1,True,Boolean,134
898,descriptive_26,1,False,Boolean,134
899,descriptive_22,1,gray,Color,27
900,descriptive_22,1,yellow,Color,27
901,descriptive_22,1,red,Color,27
902,descriptive_22,1,brown,Color,27
903,descriptive_22,1,blue,Color,27
904,descriptive_22,1,cyan,Color,27
905,descriptive_22,1,purple,Color,27
906,descriptive_22,1,green,Color,27
907,counterfactual_2,1,True,Boolean,94
908,counterfactual_2,1,False,Boolean,94
909,descriptive_7,1,1,Count,1
910,descriptive_7,1,5,Count,1
911,descriptive_7,1,3,Count,1
912,descriptive_7,1,2,Count,1
913,descriptive_7,1,0,Count,1
914,descriptive_7,1,4,Count,1
915,cause_3,1,2,Count,2
916,cause_3,1,1,Count,2
917,cause_3,1,0,Count,2
918,descriptive_9,1,1,Count,2
919,descriptive_9,1,2,Count,2
920,descriptive_9,1,0,Count,2
921,descriptive_25,1,circle,Shape,94
922,descriptive_25,1,cube,Shape,94
923,descriptive_25,1,triangle,Shape,94
924,cause_0,1,False,Boolean,7
925,cause_0,1,True,Boolean,7
926,descriptive_3,1,0,Count,1
927,descriptive_3,1,5,Count,1
928,descriptive_3,1,2,Count,1
929,descriptive_3,1,4,Count,1
930,descriptive_3,1,1,Count,1
931,descriptive_3,1,3,Count,1
932,descriptive_31,1,False,Boolean,5
933,descriptive_31,1,True,Boolean,5
934,cause_1,1,False,Boolean,37
935,cause_1,1,True,Boolean,37
936,counterfactual_5,1,4,Count,1
937,counterfactual_5,1,2,Count,1
938,counterfactual_5,1,1,Count,1
939,counterfactual_5,1,0,Count,1
940,counterfactual_5,1,3,Count,1
941,cause_4,1,1,Count,56
942,cause_4,1,0,Count,56
943,descriptive_2,1,0,Count,4
944,descriptive_2,1,2,Count,4
945,descriptive_2,1,3,Count,4
946,descriptive_2,1,1,Count,4
947,enable_5,1,0,Count,23
948,enable_5,1,1,Count,23
949,counterfactual_6,1,True,Boolean,117
950,counterfactual_6,1,False,Boolean,117
951,cause_2,1,False,Boolean,39
952,cause_2,1,True,Boolean,39
953,descriptive_0,1,4,Count,1
954,descriptive_0,1,3,Count,1
955,descriptive_0,1,2,Count,1
956,descriptive_0,1,1,Count,1
957,descriptive_0,1,0,Count,1
958,descriptive_8,1,2,Count,7
959,descriptive_8,1,1,Count,7
960,descriptive_8,1,0,Count,7
961,descriptive_30,1,True,Boolean,127
962,descriptive_30,1,False,Boolean,127
963,descriptive_14,1,0,Count,10
964,descriptive_14,1,1,Count,10
965,descriptive_14,1,3,Count,10
966,descriptive_14,1,2,Count,10
967,descriptive_32,1,False,Boolean,60
968,descriptive_32,1,True,Boolean,60
969,counterfactual_0,1,True,Boolean,68
970,counterfactual_0,1,False,Boolean,68
971,descriptive_36,1,False,Boolean,70
972,descriptive_36,1,True,Boolean,70
973,descriptive_15,1,5,Count,1
974,descriptive_15,1,1,Count,1
975,descriptive_15,1,2,Count,1
976,descriptive_15,1,0,Count,1
977,descriptive_15,1,4,Count,1
978,descriptive_15,1,3,Count,1
979,descriptive_11,1,4,Count,3
980,descriptive_11,1,1,Count,3
981,descriptive_11,1,2,Count,3
982,descriptive_11,1,3,Count,3
983,descriptive_11,1,0,Count,3
984,counterfactual_8,1,True,Boolean,111
985,counterfactual_8,1,False,Boolean,111
986,counterfactual_4,1,2,Count,2
987,counterfactual_4,1,4,Count,2
988,counterfactual_4,1,1,Count,2
989,counterfactual_4,1,3,Count,2
990,counterfactual_4,1,0,Count,2
991,prevent_5,1,1,Count,73
992,prevent_5,1,0,Count,73
993,descriptive_16,1,3,Count,2
994,descriptive_16,1,1,Count,2
995,descriptive_16,1,2,Count,2
996,descriptive_16,1,0,Count,2
997,descriptive_5,1,0,Count,2
998,descriptive_5,1,1,Count,2
999,descriptive_5,1,2,Count,2
1000,prevent_4,1,2,Count,1
1001,prevent_4,1,0,Count,1
1002,prevent_4,1,1,Count,1
1003,descriptive_29,1,False,Boolean,21
1004,descriptive_29,1,True,Boolean,21
1005,descriptive_20,1,1,Count,6
1006,descriptive_20,1,3,Count,6
1007,descriptive_20,1,0,Count,6
1008,descriptive_20,1,2,Count,6
1009,counterfactual_7,1,False,Boolean,132
1010,counterfactual_7,1,True,Boolean,132
1011,prevent_2,1,False,Boolean,32
1012,prevent_2,1,True,Boolean,32
1013,descriptive_6,1,3,Count,5
1014,descriptive_6,1,2,Count,5
1015,descriptive_6,1,0,Count,5
1016,descriptive_6,1,1,Count,5
1017,descriptive_23,5,yellow,Color,18
1018,descriptive_23,5,brown,Color,18
1019,descriptive_23,5,blue,Color,18
1020,descriptive_23,5,purple,Color,18
1021,descriptive_23,5,red,Color,18
1022,descriptive_23,5,green,Color,18
1023,descriptive_23,5,gray,Color,18
1024,descriptive_23,5,cyan,Color,18
1025,descriptive_12,5,2,Count,5
1026,descriptive_12,5,1,Count,5
1027,descriptive_12,5,0,Count,5
1028,descriptive_13,5,0,Count,2
1029,descriptive_13,5,1,Count,2
1030,descriptive_13,5,2,Count,2
1031,descriptive_24,5,triangle,Shape,26
1032,descriptive_24,5,circle,Shape,26
1033,descriptive_24,5,cube,Shape,26
1034,descriptive_1,5,2,Count,1
1035,descriptive_1,5,1,Count,1
1036,descriptive_1,5,0,Count,1
1037,prevent_3,5,1,Count,9
1038,prevent_3,5,0,Count,9
1039,descriptive_28,5,False,Boolean,8
1040,descriptive_28,5,True,Boolean,8
1041,prevent_1,5,True,Boolean,3
1042,prevent_1,5,False,Boolean,3
1043,counterfactual_3,5,1,Count,20
1044,counterfactual_3,5,0,Count,20
1045,counterfactual_3,5,2,Count,20
1046,descriptive_34,5,False,Boolean,14
1047,descriptive_34,5,True,Boolean,14
1048,descriptive_27,5,True,Boolean,25
1049,descriptive_27,5,False,Boolean,25
1050,enable_4,5,0,Count,2
1051,enable_4,5,1,Count,2
1052,descriptive_10,5,0,Count,8
1053,descriptive_10,5,2,Count,8
1054,descriptive_10,5,1,Count,8
1055,descriptive_17,5,0,Count,17
1056,descriptive_17,5,1,Count,17
1057,descriptive_33,5,True,Boolean,39
1058,descriptive_33,5,False,Boolean,39
1059,counterfactual_1,5,False,Boolean,28
1060,counterfactual_1,5,True,Boolean,28
1061,enable_2,5,True,Boolean,1
1062,enable_2,5,False,Boolean,1
1063,descriptive_18,5,0,Count,16
1064,descriptive_18,5,1,Count,16
1065,descriptive_4,5,1,Count,3
1066,descriptive_4,5,2,Count,3
1067,descriptive_4,5,0,Count,3
1068,descriptive_19,5,1,Count,12
1069,descriptive_19,5,0,Count,12
1070,descriptive_35,5,False,Boolean,50
1071,descriptive_35,5,True,Boolean,50
1072,prevent_0,5,True,Boolean,9
1073,prevent_0,5,False,Boolean,9
1074,descriptive_21,5,1,Count,49
1075,descriptive_21,5,0,Count,49
1076,enable_1,5,True,Boolean,1
1077,enable_1,5,False,Boolean,1
1078,cause_5,5,1,Count,5
1079,cause_5,5,0,Count,5
1080,descriptive_37,5,False,Boolean,81
1081,descriptive_37,5,True,Boolean,81
1082,descriptive_26,5,True,Boolean,33
1083,descriptive_26,5,False,Boolean,33
1084,descriptive_22,5,purple,Color,17
1085,descriptive_22,5,brown,Color,17
1086,descriptive_22,5,green,Color,17
1087,descriptive_22,5,blue,Color,17
1088,descriptive_22,5,red,Color,17
1089,descriptive_22,5,cyan,Color,17
1090,descriptive_22,5,gray,Color,17
1091,descriptive_22,5,yellow,Color,17
1092,counterfactual_2,5,True,Boolean,75
1093,counterfactual_2,5,False,Boolean,75
1094,descriptive_7,5,2,Count,1
1095,descriptive_7,5,3,Count,1
1096,descriptive_7,5,1,Count,1
1097,descriptive_7,5,0,Count,1
1098,cause_3,5,0,Count,5
1099,cause_3,5,1,Count,5
1100,descriptive_9,5,0,Count,19
1101,descriptive_9,5,1,Count,19
1102,descriptive_25,5,circle,Shape,31
1103,descriptive_25,5,cube,Shape,31
1104,descriptive_25,5,triangle,Shape,31
1105,cause_0,5,True,Boolean,5
1106,cause_0,5,False,Boolean,5
1107,descriptive_3,5,3,Count,5
1108,descriptive_3,5,1,Count,5
1109,descriptive_3,5,2,Count,5
1110,descriptive_3,5,0,Count,5
1111,descriptive_31,5,False,Boolean,57
1112,descriptive_31,5,True,Boolean,57
1113,cause_1,5,True,Boolean,4
1114,cause_1,5,False,Boolean,4
1115,counterfactual_5,5,1,Count,41
1116,counterfactual_5,5,0,Count,41
1117,counterfactual_5,5,2,Count,41
1118,cause_4,5,1,Count,2
1119,cause_4,5,0,Count,2
1120,descriptive_2,5,1,Count,14
1121,descriptive_2,5,2,Count,14
1122,descriptive_2,5,0,Count,14
1123,enable_5,5,1,Count,1
1124,enable_5,5,0,Count,1
1125,counterfactual_6,5,False,Boolean,53
1126,counterfactual_6,5,True,Boolean,53
1127,cause_2,5,True,Boolean,5
1128,cause_2,5,False,Boolean,5
1129,descriptive_0,5,2,Count,10
1130,descriptive_0,5,0,Count,10
1131,descriptive_0,5,1,Count,10
1132,descriptive_8,5,0,Count,2
1133,descriptive_8,5,2,Count,2
1134,descriptive_8,5,1,Count,2
1135,descriptive_30,5,True,Boolean,47
1136,descriptive_30,5,False,Boolean,47
1137,descriptive_14,5,1,Count,28
1138,descriptive_14,5,0,Count,28
1139,descriptive_14,5,2,Count,28
1140,descriptive_32,5,False,Boolean,33
1141,descriptive_32,5,True,Boolean,33
1142,counterfactual_0,5,False,Boolean,39
1143,counterfactual_0,5,True,Boolean,39
1144,descriptive_36,5,False,Boolean,49
1145,descriptive_36,5,True,Boolean,49
1146,descriptive_15,5,0,Count,1
1147,descriptive_15,5,3,Count,1
1148,descriptive_15,5,2,Count,1
1149,descriptive_15,5,1,Count,1
1150,descriptive_11,5,0,Count,28
1151,descriptive_11,5,1,Count,28
1152,descriptive_11,5,2,Count,28
1153,counterfactual_8,5,True,Boolean,111
1154,counterfactual_8,5,False,Boolean,111
1155,counterfactual_4,5,1,Count,11
1156,counterfactual_4,5,0,Count,11
1157,counterfactual_4,5,2,Count,11
1158,prevent_5,5,1,Count,7
1159,prevent_5,5,0,Count,7
1160,descriptive_16,5,2,Count,2
1161,descriptive_16,5,0,Count,2
1162,descriptive_16,5,1,Count,2
1163,descriptive_5,5,1,Count,20
1164,descriptive_5,5,0,Count,20
1165,prevent_4,5,1,Count,2
1166,prevent_4,5,0,Count,2
1167,descriptive_29,5,False,Boolean,39
1168,descriptive_29,5,True,Boolean,39
1169,descriptive_20,5,1,Count,57
1170,descriptive_20,5,0,Count,57
1171,counterfactual_7,5,False,Boolean,64
1172,counterfactual_7,5,True,Boolean,64
1173,prevent_2,5,True,Boolean,9
1174,prevent_2,5,False,Boolean,9
1175,descriptive_6,5,1,Count,8
1176,descriptive_6,5,2,Count,8
1177,descriptive_6,5,0,Count,8
1178,descriptive_23,3,blue,Color,28
1179,descriptive_23,3,brown,Color,28
1180,descriptive_23,3,green,Color,28
1181,descriptive_23,3,red,Color,28
1182,descriptive_23,3,yellow,Color,28
1183,descriptive_23,3,gray,Color,28
1184,descriptive_23,3,cyan,Color,28
1185,descriptive_23,3,purple,Color,28
1186,descriptive_12,3,3,Count,1
1187,descriptive_12,3,0,Count,1
1188,descriptive_12,3,1,Count,1
1189,descriptive_12,3,2,Count,1
1190,descriptive_13,3,0,Count,1
1191,descriptive_13,3,1,Count,1
1192,descriptive_13,3,2,Count,1
1193,descriptive_24,3,circle,Shape,32
1194,descriptive_24,3,triangle,Shape,32
1195,descriptive_24,3,cube,Shape,32
1196,descriptive_1,3,1,Count,1
1197,descriptive_1,3,2,Count,1
1198,descriptive_1,3,0,Count,1
1199,prevent_3,3,0,Count,2
1200,prevent_3,3,1,Count,2
1201,descriptive_28,3,False,Boolean,36
1202,enable_0,3,False,Boolean,18
1203,enable_0,3,True,Boolean,18
1204,prevent_1,3,False,Boolean,50
1205,prevent_1,3,True,Boolean,50
1206,enable_3,3,0,Count,7
1207,enable_3,3,1,Count,7
1208,counterfactual_3,3,0,Count,77
1209,counterfactual_3,3,1,Count,77
1210,counterfactual_3,3,2,Count,77
1211,descriptive_34,3,True,Boolean,5
1212,descriptive_34,3,False,Boolean,5
1213,descriptive_27,3,False,Boolean,79
1214,descriptive_27,3,True,Boolean,79
1215,enable_4,3,1,Count,11
1216,enable_4,3,0,Count,11
1217,descriptive_10,3,1,Count,13
1218,descriptive_10,3,0,Count,13
1219,descriptive_17,3,2,Count,14
1220,descriptive_17,3,0,Count,14
1221,descriptive_17,3,1,Count,14
1222,descriptive_33,3,True,Boolean,23
1223,descriptive_33,3,False,Boolean,23
1224,counterfactual_1,3,True,Boolean,6
1225,counterfactual_1,3,False,Boolean,6
1226,enable_2,3,False,Boolean,13
1227,enable_2,3,True,Boolean,13
1228,descriptive_4,3,2,Count,4
1229,descriptive_4,3,0,Count,4
1230,descriptive_4,3,3,Count,4
1231,descriptive_4,3,1,Count,4
1232,descriptive_35,3,True,Boolean,2
1233,descriptive_35,3,False,Boolean,2
1234,descriptive_21,3,0,Count,3
1235,descriptive_21,3,1,Count,3
1236,descriptive_21,3,2,Count,3
1237,enable_1,3,True,Boolean,9
1238,enable_1,3,False,Boolean,9
1239,cause_5,3,1,Count,21
1240,cause_5,3,0,Count,21
1241,descriptive_37,3,True,Boolean,24
1242,descriptive_37,3,False,Boolean,24
1243,descriptive_26,3,False,Boolean,99
1244,descriptive_26,3,True,Boolean,99
1245,descriptive_22,3,blue,Color,26
1246,descriptive_22,3,brown,Color,26
1247,descriptive_22,3,green,Color,26
1248,descriptive_22,3,gray,Color,26
1249,descriptive_22,3,purple,Color,26
1250,descriptive_22,3,yellow,Color,26
1251,descriptive_22,3,red,Color,26
1252,descriptive_22,3,cyan,Color,26
1253,counterfactual_2,3,True,Boolean,105
1254,counterfactual_2,3,False,Boolean,105
1255,descriptive_7,3,2,Count,31
1256,descriptive_7,3,1,Count,31
1257,descriptive_7,3,3,Count,31
1258,descriptive_7,3,0,Count,31
1259,cause_3,3,1,Count,1
1260,cause_3,3,0,Count,1
1261,descriptive_9,3,0,Count,2
1262,descriptive_9,3,1,Count,2
1263,descriptive_25,3,triangle,Shape,30
1264,descriptive_25,3,circle,Shape,30
1265,descriptive_25,3,cube,Shape,30
1266,cause_0,3,False,Boolean,2
1267,cause_0,3,True,Boolean,2
1268,descriptive_3,3,3,Count,31
1269,descriptive_3,3,0,Count,31
1270,descriptive_3,3,2,Count,31
1271,descriptive_3,3,1,Count,31
1272,descriptive_31,3,False,Boolean,78
1273,descriptive_31,3,True,Boolean,78
1274,cause_1,3,False,Boolean,12
1275,cause_1,3,True,Boolean,12
1276,counterfactual_5,3,1,Count,61
1277,counterfactual_5,3,2,Count,61
1278,counterfactual_5,3,0,Count,61
1279,cause_4,3,1,Count,18
1280,cause_4,3,0,Count,18
1281,descriptive_2,3,3,Count,6
1282,descriptive_2,3,0,Count,6
1283,descriptive_2,3,1,Count,6
1284,descriptive_2,3,2,Count,6
1285,enable_5,3,1,Count,20
1286,enable_5,3,0,Count,20
1287,counterfactual_6,3,False,Boolean,111
1288,counterfactual_6,3,True,Boolean,111
1289,cause_2,3,False,Boolean,14
1290,cause_2,3,True,Boolean,14
1291,descriptive_0,3,3,Count,13
1292,descriptive_0,3,0,Count,13
1293,descriptive_0,3,1,Count,13
1294,descriptive_0,3,2,Count,13
1295,descriptive_8,3,0,Count,11
1296,descriptive_8,3,1,Count,11
1297,descriptive_30,3,False,Boolean,100
1298,descriptive_30,3,True,Boolean,100
1299,descriptive_14,3,2,Count,6
1300,descriptive_14,3,0,Count,6
1301,descriptive_14,3,3,Count,6
1302,descriptive_14,3,1,Count,6
1303,descriptive_32,3,False,Boolean,117
1304,descriptive_32,3,True,Boolean,117
1305,counterfactual_0,3,True,Boolean,94
1306,counterfactual_0,3,False,Boolean,94
1307,descriptive_36,3,False,Boolean,107
1308,descriptive_36,3,True,Boolean,107
1309,descriptive_15,3,1,Count,18
1310,descriptive_15,3,2,Count,18
1311,descriptive_15,3,0,Count,18
1312,descriptive_15,3,3,Count,18
1313,descriptive_11,3,1,Count,36
1314,descriptive_11,3,0,Count,36
1315,counterfactual_8,3,True,Boolean,103
1316,counterfactual_8,3,False,Boolean,103
1317,counterfactual_4,3,1,Count,19
1318,counterfactual_4,3,0,Count,19
1319,prevent_5,3,1,Count,2
1320,prevent_5,3,0,Count,2
1321,prevent_5,3,2,Count,2
1322,descriptive_16,3,2,Count,12
1323,descriptive_16,3,1,Count,12
1324,descriptive_16,3,0,Count,12
1325,descriptive_5,3,1,Count,3
1326,descriptive_5,3,0,Count,3
1327,descriptive_5,3,2,Count,3
1328,prevent_4,3,0,Count,2
1329,prevent_4,3,2,Count,2
1330,prevent_4,3,1,Count,2
1331,descriptive_29,3,True,Boolean,2
1332,descriptive_29,3,False,Boolean,2
1333,descriptive_20,3,1,Count,8
1334,descriptive_20,3,0,Count,8
1335,descriptive_20,3,2,Count,8
1336,counterfactual_7,3,True,Boolean,15
1337,counterfactual_7,3,False,Boolean,15
1338,prevent_2,3,True,Boolean,57
1339,prevent_2,3,False,Boolean,57
1340,descriptive_6,3,1,Count,6
1341,descriptive_6,3,3,Count,6
1342,descriptive_6,3,0,Count,6
1343,descriptive_6,3,2,Count,6
1344,descriptive_23,9,red,Color,22
1345,descriptive_23,9,purple,Color,22
1346,descriptive_23,9,cyan,Color,22
1347,descriptive_23,9,blue,Color,22
1348,descriptive_23,9,yellow,Color,22
1349,descriptive_23,9,green,Color,22
1350,descriptive_23,9,brown,Color,22
1351,descriptive_23,9,gray,Color,22
1352,descriptive_12,9,0,Count,1
1353,descriptive_12,9,3,Count,1
1354,descriptive_12,9,1,Count,1
1355,descriptive_12,9,2,Count,1
1356,descriptive_12,9,4,Count,1
1357,descriptive_13,9,1,Count,26
1358,descriptive_13,9,0,Count,26
1359,descriptive_24,9,cube,Shape,20
1360,descriptive_24,9,circle,Shape,20
1361,descriptive_24,9,triangle,Shape,20
1362,descriptive_1,9,3,Count,1
1363,descriptive_1,9,2,Count,1
1364,descriptive_1,9,1,Count,1
1365,descriptive_1,9,0,Count,1
1366,prevent_3,9,2,Count,2
1367,prevent_3,9,1,Count,2
1368,prevent_3,9,0,Count,2
1369,descriptive_28,9,True,Boolean,10
1370,descriptive_28,9,False,Boolean,10
1371,enable_0,9,True,Boolean,6
1372,enable_0,9,False,Boolean,6
1373,prevent_1,9,False,Boolean,14
1374,prevent_1,9,True,Boolean,14
1375,enable_3,9,0,Count,3
1376,enable_3,9,1,Count,3
1377,counterfactual_3,9,3,Count,3
1378,counterfactual_3,9,0,Count,3
1379,counterfactual_3,9,1,Count,3
1380,counterfactual_3,9,2,Count,3
1381,descriptive_34,9,True,Boolean,32
1382,descriptive_34,9,False,Boolean,32
1383,enable_4,9,1,Count,1
1384,enable_4,9,2,Count,1
1385,enable_4,9,0,Count,1
1386,descriptive_10,9,0,Count,4
1387,descriptive_10,9,2,Count,4
1388,descriptive_10,9,1,Count,4
1389,descriptive_17,9,1,Count,9
1390,descriptive_17,9,2,Count,9
1391,descriptive_17,9,0,Count,9
1392,counterfactual_1,9,True,Boolean,28
1393,counterfactual_1,9,False,Boolean,28
1394,enable_2,9,False,Boolean,21
1395,enable_2,9,True,Boolean,21
1396,descriptive_18,9,0,Count,15
1397,descriptive_18,9,1,Count,15
1398,descriptive_4,9,1,Count,1
1399,descriptive_4,9,0,Count,1
1400,descriptive_4,9,2,Count,1
1401,descriptive_4,9,3,Count,1
1402,descriptive_19,9,0,Count,20
1403,descriptive_19,9,1,Count,20
1404,prevent_0,9,False,Boolean,29
1405,prevent_0,9,True,Boolean,29
1406,descriptive_21,9,2,Count,2
1407,descriptive_21,9,1,Count,2
1408,descriptive_21,9,0,Count,2
1409,descriptive_21,9,3,Count,2
1410,enable_1,9,True,Boolean,27
1411,enable_1,9,False,Boolean,27
1412,cause_5,9,1,Count,1
1413,cause_5,9,0,Count,1
1414,cause_5,9,2,Count,1
1415,descriptive_26,9,False,Boolean,43
1416,descriptive_26,9,True,Boolean,43
1417,descriptive_22,9,brown,Color,17
1418,descriptive_22,9,purple,Color,17
1419,descriptive_22,9,blue,Color,17
1420,descriptive_22,9,gray,Color,17
1421,descriptive_22,9,red,Color,17
1422,descriptive_22,9,green,Color,17
1423,descriptive_22,9,yellow,Color,17
1424,descriptive_22,9,cyan,Color,17
1425,counterfactual_2,9,True,Boolean,59
1426,counterfactual_2,9,False,Boolean,59
1427,descriptive_7,9,1,Count,1
1428,descriptive_7,9,3,Count,1
1429,descriptive_7,9,4,Count,1
1430,descriptive_7,9,0,Count,1
1431,descriptive_7,9,2,Count,1
1432,cause_3,9,1,Count,22
1433,cause_3,9,0,Count,22
1434,descriptive_9,9,0,Count,10
1435,descriptive_9,9,1,Count,10
1436,descriptive_25,9,triangle,Shape,32
1437,descriptive_25,9,cube,Shape,32
1438,descriptive_25,9,circle,Shape,32
1439,cause_0,9,True,Boolean,21
1440,cause_0,9,False,Boolean,21
1441,descriptive_3,9,4,Count,26
1442,descriptive_3,9,3,Count,26
1443,descriptive_3,9,1,Count,26
1444,descriptive_3,9,2,Count,26
1445,descriptive_3,9,0,Count,26
1446,descriptive_31,9,False,Boolean,1
1447,descriptive_31,9,True,Boolean,1
1448,cause_1,9,True,Boolean,35
1449,cause_1,9,False,Boolean,35
1450,counterfactual_5,9,1,Count,3
1451,counterfactual_5,9,2,Count,3
1452,counterfactual_5,9,0,Count,3
1453,counterfactual_5,9,3,Count,3
1454,cause_4,9,1,Count,1
1455,cause_4,9,0,Count,1
1456,cause_4,9,2,Count,1
1457,descriptive_2,9,1,Count,1
1458,descriptive_2,9,3,Count,1
1459,descriptive_2,9,2,Count,1
1460,descriptive_2,9,4,Count,1
1461,descriptive_2,9,0,Count,1
1462,enable_5,9,1,Count,2
1463,enable_5,9,2,Count,2
1464,enable_5,9,0,Count,2
1465,counterfactual_6,9,True,Boolean,106
1466,counterfactual_6,9,False,Boolean,106
1467,cause_2,9,False,Boolean,36
1468,cause_2,9,True,Boolean,36
1469,descriptive_0,9,0,Count,10
1470,descriptive_0,9,2,Count,10
1471,descriptive_0,9,3,Count,10
1472,descriptive_0,9,1,Count,10
1473,descriptive_8,9,1,Count,22
1474,descriptive_8,9,0,Count,22
1475,descriptive_30,9,True,Boolean,60
1476,descriptive_30,9,False,Boolean,60
1477,descriptive_14,9,2,Count,1
1478,descriptive_14,9,0,Count,1
1479,descriptive_14,9,4,Count,1
1480,descriptive_14,9,1,Count,1
1481,descriptive_14,9,3,Count,1
1482,descriptive_32,9,True,Boolean,56
1483,descriptive_32,9,False,Boolean,56
1484,counterfactual_0,9,True,Boolean,44
1485,counterfactual_0,9,False,Boolean,44
1486,descriptive_36,9,True,Boolean,71
1487,descriptive_36,9,False,Boolean,71
1488,descriptive_15,9,2,Count,8
1489,descriptive_15,9,4,Count,8
1490,descriptive_15,9,1,Count,8
1491,descriptive_15,9,0,Count,8
1492,descriptive_15,9,3,Count,8
1493,descriptive_11,9,0,Count,1
1494,descriptive_11,9,2,Count,1
1495,descriptive_11,9,1,Count,1
1496,descriptive_11,9,4,Count,1
1497,counterfactual_8,9,True,Boolean,134
1498,counterfactual_8,9,False,Boolean,134
1499,counterfactual_4,9,3,Count,5
1500,counterfactual_4,9,1,Count,5
1501,counterfactual_4,9,0,Count,5
1502,counterfactual_4,9,2,Count,5
1503,prevent_5,9,1,Count,33
1504,prevent_5,9,0,Count,33
1505,descriptive_16,9,3,Count,1
1506,descriptive_16,9,1,Count,1
1507,descriptive_16,9,2,Count,1
1508,descriptive_16,9,0,Count,1
1509,descriptive_5,9,1,Count,1
1510,descriptive_5,9,3,Count,1
1511,descriptive_5,9,0,Count,1
1512,descriptive_5,9,2,Count,1
1513,prevent_4,9,1,Count,20
1514,prevent_4,9,0,Count,20
1515,descriptive_20,9,1,Count,4
1516,descriptive_20,9,3,Count,4
1517,descriptive_20,9,0,Count,4
1518,descriptive_20,9,2,Count,4
1519,counterfactual_7,9,True,Boolean,96
1520,counterfactual_7,9,False,Boolean,96
1521,prevent_2,9,False,Boolean,17
1522,prevent_2,9,True,Boolean,17
1523,descriptive_6,9,1,Count,2
1524,descriptive_6,9,0,Count,2
1525,descriptive_6,9,2,Count,2
1526,descriptive_6,9,3,Count,2
1527,descriptive_23,6,yellow,Color,23
1528,descriptive_23,6,blue,Color,23
1529,descriptive_23,6,green,Color,23
1530,descriptive_23,6,brown,Color,23
1531,descriptive_23,6,red,Color,23
1532,descriptive_23,6,cyan,Color,23
1533,descriptive_23,6,gray,Color,23
1534,descriptive_23,6,purple,Color,23
1535,descriptive_12,6,3,Count,1
1536,descriptive_12,6,0,Count,1
1537,descriptive_12,6,1,Count,1
1538,descriptive_12,6,2,Count,1
1539,descriptive_13,6,1,Count,34
1540,descriptive_13,6,0,Count,34
1541,descriptive_24,6,cube,Shape,28
1542,descriptive_24,6,triangle,Shape,28
1543,descriptive_24,6,circle,Shape,28
1544,descriptive_1,6,2,Count,1
1545,descriptive_1,6,1,Count,1
1546,descriptive_1,6,0,Count,1
1547,prevent_3,6,1,Count,8
1548,prevent_3,6,0,Count,8
1549,enable_0,6,False,Boolean,17
1550,enable_0,6,True,Boolean,17
1551,prevent_1,6,True,Boolean,29
1552,prevent_1,6,False,Boolean,29
1553,enable_3,6,0,Count,11
1554,enable_3,6,1,Count,11
1555,counterfactual_3,6,1,Count,9
1556,counterfactual_3,6,0,Count,9
1557,counterfactual_3,6,2,Count,9
1558,descriptive_34,6,False,Boolean,4
1559,descriptive_34,6,True,Boolean,4
1560,descriptive_27,6,False,Boolean,78
1561,descriptive_27,6,True,Boolean,78
1562,enable_4,6,0,Count,25
1563,enable_4,6,1,Count,25
1564,descriptive_10,6,0,Count,15
1565,descriptive_10,6,1,Count,15
1566,descriptive_17,6,1,Count,18
1567,descriptive_17,6,0,Count,18
1568,descriptive_33,6,False,Boolean,70
1569,descriptive_33,6,True,Boolean,70
1570,counterfactual_1,6,True,Boolean,9
1571,counterfactual_1,6,False,Boolean,9
1572,enable_2,6,False,Boolean,23
1573,enable_2,6,True,Boolean,23
1574,descriptive_4,6,0,Count,1
1575,descriptive_4,6,1,Count,1
1576,descriptive_4,6,3,Count,1
1577,descriptive_4,6,2,Count,1
1578,descriptive_35,6,True,Boolean,9
1579,descriptive_35,6,False,Boolean,9
1580,prevent_0,6,True,Boolean,3
1581,prevent_0,6,False,Boolean,3
1582,descriptive_21,6,1,Count,1
1583,descriptive_21,6,0,Count,1
1584,descriptive_21,6,2,Count,1
1585,enable_1,6,False,Boolean,27
1586,enable_1,6,True,Boolean,27
1587,descriptive_37,6,False,Boolean,71
1588,descriptive_37,6,True,Boolean,71
1589,descriptive_26,6,False,Boolean,31
1590,descriptive_26,6,True,Boolean,31
1591,descriptive_22,6,red,Color,24
1592,descriptive_22,6,blue,Color,24
1593,descriptive_22,6,green,Color,24
1594,descriptive_22,6,brown,Color,24
1595,descriptive_22,6,yellow,Color,24
1596,descriptive_22,6,cyan,Color,24
1597,descriptive_22,6,purple,Color,24
1598,descriptive_22,6,gray,Color,24
1599,counterfactual_2,6,False,Boolean,60
1600,counterfactual_2,6,True,Boolean,60
1601,descriptive_7,6,3,Count,3
1602,descriptive_7,6,0,Count,3
1603,descriptive_7,6,2,Count,3
1604,descriptive_7,6,1,Count,3
1605,descriptive_9,6,0,Count,7
1606,descriptive_9,6,1,Count,7
1607,descriptive_25,6,cube,Shape,24
1608,descriptive_25,6,triangle,Shape,24
1609,descriptive_25,6,circle,Shape,24
1610,descriptive_3,6,0,Count,25
1611,descriptive_3,6,3,Count,25
1612,descriptive_3,6,2,Count,25
1613,descriptive_3,6,1,Count,25
1614,descriptive_31,6,False,Boolean,90
1615,descriptive_31,6,True,Boolean,90
1616,counterfactual_5,6,1,Count,19
1617,counterfactual_5,6,0,Count,19
1618,counterfactual_5,6,2,Count,19
1619,descriptive_2,6,1,Count,1
1620,descriptive_2,6,2,Count,1
1621,descriptive_2,6,3,Count,1
1622,descriptive_2,6,0,Count,1
1623,enable_5,6,0,Count,18
1624,enable_5,6,1,Count,18
1625,counterfactual_6,6,False,Boolean,114
1626,counterfactual_6,6,True,Boolean,114
1627,descriptive_0,6,3,Count,4
1628,descriptive_0,6,2,Count,4
1629,descriptive_0,6,0,Count,4
1630,descriptive_0,6,1,Count,4
1631,descriptive_8,6,0,Count,17
1632,descriptive_8,6,1,Count,17
1633,descriptive_30,6,True,Boolean,26
1634,descriptive_30,6,False,Boolean,26
1635,descriptive_14,6,2,Count,9
1636,descriptive_14,6,0,Count,9
1637,descriptive_14,6,1,Count,9
1638,descriptive_32,6,True,Boolean,49
1639,descriptive_32,6,False,Boolean,49
1640,counterfactual_0,6,False,Boolean,45
1641,counterfactual_0,6,True,Boolean,45
1642,descriptive_36,6,True,Boolean,46
1643,descriptive_36,6,False,Boolean,46
1644,descriptive_15,6,3,Count,3
1645,descriptive_15,6,0,Count,3
1646,descriptive_15,6,2,Count,3
1647,descriptive_15,6,1,Count,3
1648,descriptive_11,6,1,Count,42
1649,descriptive_11,6,0,Count,42
1650,counterfactual_8,6,False,Boolean,125
1651,counterfactual_8,6,True,Boolean,125
1652,counterfactual_4,6,1,Count,24
1653,counterfactual_4,6,0,Count,24
1654,prevent_5,6,0,Count,35
1655,prevent_5,6,1,Count,35
1656,descriptive_16,6,2,Count,1
1657,descriptive_16,6,1,Count,1
1658,descriptive_16,6,0,Count,1
1659,descriptive_5,6,0,Count,2
1660,descriptive_5,6,2,Count,2
1661,descriptive_5,6,1,Count,2
1662,prevent_4,6,2,Count,3
1663,prevent_4,6,1,Count,3
1664,prevent_4,6,0,Count,3
1665,descriptive_29,6,True,Boolean,19
1666,descriptive_29,6,False,Boolean,19
1667,descriptive_20,6,2,Count,3
1668,descriptive_20,6,1,Count,3
1669,descriptive_20,6,0,Count,3
1670,counterfactual_7,6,False,Boolean,17
1671,counterfactual_7,6,True,Boolean,17
1672,prevent_2,6,True,Boolean,33
1673,prevent_2,6,False,Boolean,33
1674,descriptive_6,6,1,Count,8
1675,descriptive_6,6,0,Count,8
1676,descriptive_6,6,2,Count,8
